Salary,Work_Experience,Education_Level,Hours_Worked_Per_Week,Loan_Amount,Credit_Score,Marital_Status,House_Ownership,Number_of_Children,Job_Satisfaction,Commuting_Time,Vacation_Days_Used,Health_Insurance,Exercise_Hours_Per_Week,Social_Activity_Score,Online_Shopping_Spend,Mobile_Usage_Hours,Internet_Usage_Hours,Number_of_Dependents,Previous_Loans,Loan_Default_History,Investment_in_Stocks,Savings_Account_Balance,Retirement_Fund,Mortgage_Status,Monthly_Expenses,Annual_Bonus,Financial_Stability_Score
37.454011884736246,45,Master's,14,15.601864044243651,,Single,Other,3,70.80725777960456,96,33,21.233911067827616,2,18.34045098534338,30.42422429595377,52.475643163223786,43.194501864211574,9,61.18528947223795,13.949386065204184,29.214464853521815,36.63618432936917,45.606998421703594,Defaulted,19.967378215835975,51.42344384136116,1731.9634031809608
59.24145688620425,4,Bachelor's,17,6.505159298527952,94.88855372533332,Married,Mortgaged,6,9.767211400638388,44,12,49.51769101112702,3,90.9320402078782,25.87799816000169,66.2522284353982,31.171107608941096,2,54.67102793432797,18.485445552552704,,77.51328233611146,,Paying Mortgage,59.78999788110851,92.18742350231169,1987.9672357944407
8.84925020519195,19,Bachelor's,32,38.8677289689482,27.134903177389592,Married,Owned,4,54.26960831582485,80,7,98.68869366005173,5,19.87156815341724,0.5522117123602399,81.54614284548342,70.68573438476172,2,77.12703466859458,7.4044651734090365,35.84657285442726,11.586905952512971,86.31034258755935,Fully Paid,33.08980248526492,6.355835028602364,1675.6974468012334
,32,Bachelor's,18,88.72127425763266,47.22149251619493,Married,Other,4,56.127719756949624,49,2,42.75410183585496,2,10.789142699330444,3.142918568673425,63.64104112637804,31.435598107632668,0,90.7566473926093,24.929222914887493,41.038292303562976,75.55511385430486,22.879816549162246,No Mortgage,28.9751452913768,16.122128725400444,1882.118975566575
92.96976523425731,30,Bachelor's,42,80.36720768991145,18.657005888603585,Single,Rented,0,89.60912999234932,11,22,42.71077886262563,1,86.07305832563435,0.6952130531190703,51.07473025775657,41.7411003148779,2,11.98653673336828,33.7615171403628,94.29097039125192,32.320293202075526,,Fully Paid,36.3629602379294,97.17820827209607,1882.118975566575
,25,Bachelor's,30,28.484049437746762,3.6886947354532795,Single,Rented,5,27.864646423661142,23,48,48.9452760277563,2,24.20552715115004,67.21355474058785,76.16196153287176,23.763754399239968,2,36.77831327192532,63.23058305935795,,53.57746840747585,9.02897700544083,No Mortgage,32.07800649717358,18.651851039985424,1803.266560507344
4.077514155476392,9,Bachelor's,1,51.2093058299281,22.649577519793795,Married,Mortgaged,5,38.67353463005374,13,34,,4,,25.79416277151556,65.99840460341791,81.72222002012158,5,52.965057835600646,24.18522909004517,9.310276780589922,89.72157579533267,90.04180571633304,Defaulted,33.90297910487007,34.92095746126609,1811.817137795394
72.59556788702393,39,Bachelor's,32,64.20316461542878,8.413996499504883,Single,Rented,4,0.9197051616629648,66,0,,6,69.18951976926932,65.19612595026005,22.42693094605598,71.2179221347536,3,32.539969815926774,74.64914051180241,64.96328990472146,84.9223410494178,65.76128923003434,Paying Mortgage,9.367476782809248,36.77158030594335,1979.503684063689
26.520236768172545,24,Bachelor's,39,89.20465551771133,63.11386259972629,Single,Rented,1,49.25176938188639,72,28,2.431596643145384,2,17.711067940704893,94.04585843529144,95.39285770025873,91.48643902204485,7,1.5456616528867428,92.83185625877253,42.81841483173143,96.66548190436696,96.36199770892529,Paying Mortgage,,38.50977286019253,2232.524663828172
85.11366715168569,31,Bachelor's,10,93.6154774160781,69.6029796674973,Single,Rented,5,99.00538501042632,51,37,74.07686177542044,5,70.24840839871092,35.94911512197552,29.359184426449335,80.93611554785136,1,86.70723185801037,91.32405525564712,,50.15162946871996,,Paying Mortgage,70.19668772577033,79.57926694361011,2341.919446846891
89.00053418175663,33,Bachelor's,9,57.8280140996174,3.5942273796742086,Single,Owned,4,59.08332605690107,3,32,36.019064141126286,4,52.224326005480435,76.99935530986109,21.582102749684317,62.28904758190003,8,5.16817211686077,53.1354631568148,54.06351216101065,63.742990149820656,72.60913337226616,Fully Paid,51.630034830119534,32.2956472941246,1696.3944184698853
79.51861947687037,27,Master's,7,2.535074341545751,96.26484146779251,Single,Rented,0,17.329432007084577,25,4,71.45959227000624,2,27.993389694594285,95.48652806631941,73.78969166957685,55.43540525114007,1,41.96000624277899,24.773098950115745,35.597267865126156,75.78461104643691,1.4393488629755868,No Mortgage,4.600264202175275,4.072880231897013,1695.0290302330382
85.54605840110072,20,Bachelor's,9,49.16158751168324,47.34717707805657,Single,Other,7,61.585009805221645,4,37,62.58599157142364,2,85.64898411883223,65.8693631618945,16.29344270814297,7.056874740042984,4,2.6511310541621813,58.57755812734633,94.02302414249576,57.5474177875879,38.816992620652194,No Mortgage,45.825289049151664,54.56167893159349,1732.1885987805551
94.14648087765252,38,Bachelor's,0,19.579113478929642,6.9361300875165455,Single,Owned,1,,31,34,2.3271935735825866,1,28.185477477339994,11.816482762165625,69.67371653641507,62.8942846779884,7,73.50710438038858,80.34809303848486,28.203457257130648,17.743954377972283,75.06147516408583,Paying Mortgage,99.05051420006733,41.26176769114265,1955.3937127051367
37.201808579278314,27,Bachelor's,3,85.84127518430118,42.89940273750184,Single,Other,2,90.25529066795667,82,32,89.55232284962005,6,1.083765148029836,90.53819764192636,9.128667678613356,,5,95.06071469375561,57.34378881232861,63.183721216979926,44.84455219783198,,Paying Mortgage,67.25184560770384,75.237452943768,2101.8811357261175
79.15790437258485,28,PhD,4,5.755876001664428,54.95288823237355,Single,Mortgaged,3,11.706701642760587,76,11,10.112267612279025,0,70.096913145912,7.276300636419353,82.18600592903562,70.62422271564962,8,8.483771408519193,98.66395785011754,,37.06421470668909,81.27995672575025,Defaulted,98.6001063822871,75.33781852589416,1972.0943989893676
37.62595855309158,8,Bachelor's,10,42.42220092469763,90.6354385094736,Single,Mortgaged,1,46.86606419941263,11,11,64.92103021160635,2,58.336876509715964,96.21725484745419,37.48705795237041,28.571208628186074,6,22.359583851945263,96.32225394406113,1.2154474689816341,96.98788267076391,4.315991195057611,Paying Mortgage,52.77011090862999,99.29647961193004,1863.4400432741254
7.379656473539886,5,Bachelor's,7,,69.57486889846172,Single,Other,2,90.11580104909889,47,45,89.02637838909163,5,62.013259780153675,27.738118298113267,18.81211597237613,46.36984049399822,5,58.365611185087204,7.773463696498483,97.43948076661665,98.62107444796028,69.81617140197451,Fully Paid,30.952761628632775,81.37950197069486,2036.864582151457
68.47311725538793,16,Bachelor's,37,94.9799913291924,72.571950838836,Single,Rented,5,86.60638895004084,2,37,81.0553330781833,2,15.041689110352818,59.41307153521351,,96.99143978146031,4,83.83287047111378,46.86931597949703,41.48195023376652,27.340707193070624,5.6375496650927115,Fully Paid,81.29010091300776,99.97176732861305,2283.815923505716
99.66368370739053,5,Bachelor's,4,84.96473906774115,,Single,Mortgaged,3,60.617463445088006,67,11,35.81627180328405,3,67.15731955927996,52.03077009037933,77.23183917356393,52.01635011119934,5,55.190683877448556,56.093797153538624,87.66536026583451,,13.401522845064074,No Mortgage,75.5137255673619,62.03095513534647,1993.653738473106
70.40797680992236,21,Bachelor's,1,35.058755880659696,58.991768685463306,Single,Owned,2,34.82554670233004,78,39,62.20867002278735,6,94.9520623657642,14.707348092903793,92.65876251614944,,5,45.913575623826134,98.0032575285477,,32.875161028750824,63.34008543167258,No Mortgage,,12.887972191064922,1882.118975566575
,15,Bachelor's,19,18.188008439914483,34.56672833238632,Single,Other,2,17.231987120162984,4,16,27.85903390319586,1,8.87025337570556,12.06358711006008,46.077876803272574,20.63337184057925,6,50.34172708548569,69.03948286293652,3.9312139841098936,79.94103989090426,62.79003894909078,No Mortgage,87.35786241067773,92.08724005318132,1390.525463998757
6.107795985486375,27,Bachelor's,29,,20.93493233367103,Single,Owned,5,36.891363956977244,74,3,25.243694434402077,7,89.52068376871993,51.167744211566614,53.211348526531566,10.717201133977605,4,53.261726645502314,24.247050363472965,26.924323094938096,37.728416310462265,2.007119777772637,No Mortgage,21.144800699654464,32.74973521779147,1478.8531135689898
11.976213181925122,39,Bachelor's,22,,49.84421989290573,Married,Rented,3,74.54394741843299,12,28,36.30822963986351,0,57.077830466891186,35.60967258978462,98.65152487929797,60.577481935688716,3,10.178247262040374,15.285913918433202,24.595772838450813,16.06813732595557,18.656702405130577,Paying Mortgage,17.33735952947548,89.67654246264252,1882.118975566575
8.023374566164222,2,PhD,8,11.203890216805235,39.785559904574164,Single,Other,1,25.790282704493983,66,42,55.67628930139298,1,27.997909366028416,76.94929331919369,18.704374855752338,32.367923640424365,2,50.7610378684455,24.240973241508023,11.483682473920354,61.06200424416326,28.863055324025577,Fully Paid,15.436271527420232,48.114010185481746,1834.9192038952624
53.258943255158584,5,Bachelor's,13,6.337497047276774,98.99602323899452,Single,Mortgaged,1,68.15027222239293,59,47,41.18409141472685,2,,83.06194077877291,96.50269106665125,12.429722348554472,3,,18.123306616566015,6.6496267366777495,74.11206492900591,,No Mortgage,13.97723766262895,79.52673118598902,1954.3131413612352
20.162732004774455,16,Bachelor's,36,66.51972206962002,52.30654247691193,Single,Owned,3,81.65994394715771,37,46,30.13778741641421,2,50.27203900924791,23.22126951468173,89.95745732745685,38.38912213732114,4,,62.42379959139921,11.689804070836407,93.98321236134751,62.770805307141785,Paying Mortgage,13.927207266338726,79.4025189270296,1957.3149815102704
62.00727559285135,3,Bachelor's,33,15.167487973275119,31.172206779554823,Single,Rented,3,56.98896848713165,87,34,82.12573046720128,3,84.64522917345182,12.748866233198243,39.72872905603673,79.72953657795536,4,22.92513952326415,,72.00365365460743,64.11476328852973,69.39484444671,Fully Paid,25.179905890695274,34.56959935039195,2023.2450927766802
18.159771680142565,40,Bachelor's,40,46.20058036441327,94.72833396118153,Single,Other,2,61.14542354346478,87,43,56.51331835892089,5,92.24993811772957,70.72386343133986,15.253904291426135,57.62883601668132,0,42.4130671302386,73.64442356247228,93.43670147690149,92.55685129067763,45.08393714041321,Defaulted,98.48411989623345,83.88980864459342,2173.1429584338903
12.466268120326685,42,Bachelor's,6,,39.90027038701302,Single,Rented,0,,39,3,91.98556164127605,2,34.69532018962277,73.75012481097484,45.221794088980715,22.460482293998197,5,14.085702037979985,17.63869865062233,49.83677727394797,41.89254495045479,91.48459010681,No Mortgage,58.05883502780434,63.22642879195304,1763.3844836600215
,16,Bachelor's,6,14.866272775311295,41.462412372702374,Single,Owned,2,59.53850173200438,74,20,89.80542894407138,4,19.068772066366655,3.654966784809488,47.206694510999924,56.48411332626164,6,77.55276166950105,45.32888347480276,52.439026932758004,44.07627469382282,40.0763060875326,No Mortgage,15.52402459307125,18.19281304952711,1652.6298223598112
86.17856210135173,44,Master's,27,64.39995432390158,40.87341710980964,Widowed,Owned,7,65.89239419101514,22,23,67.18927435987284,1,,,17.85446620543336,65.27461078518748,3,9.944139275934516,24.317219099945408,72.22669318556592,85.56964681062857,83.02198645669915,No Mortgage,66.80851365706462,20.498429541582098,1598.7088469646178
29.314773026101328,39,Master's,8,20.78862551460273,2.6532203873819715,Married,Owned,2,89.26717110769748,34,25,37.96924081672669,3,26.806364082287626,62.4148907849134,40.941165219124045,55.204718085198024,3,29.44657595419177,94.84533069621567,76.36057941597608,14.011317576645254,86.84679758979128,Paying Mortgage,89.45522268940914,79.98552559473153,1800.9705502033216
42.52135044692334,2,Master's,9,63.347821982614725,25.788768543320227,Single,Other,2,52.56901823026858,27,1,91.4298806560499,3,57.651647551425356,27.4055220687206,55.417800251579344,65.14203883518643,2,20.64212717606032,,13.688563006880727,90.00186418481051,87.38900775625153,No Mortgage,60.051686043365336,66.50366745462554,1778.4420958262497
17.53712786234496,41,Bachelor's,38,51.89177052828376,4.696596677505505,Married,Rented,0,60.31521094663882,47,28,35.567271646494916,7,29.7121715623175,56.64046402968972,47.60504021990997,66.36711653626482,3,73.25720972102503,21.494037859075675,3.1183135061284672,26.22640442998251,59.507793070025485,Paying Mortgage,49.636624720123635,59.68428489168892,1611.0092255900759
33.424389081696084,27,PhD,7,72.81887562036033,49.549131620619846,Single,Other,0,81.91023176741997,69,27,,4,9.158207332663416,91.73135754622427,13.68186309189614,95.02373538208025,4,18.513292883861965,54.190094737835814,87.29458358764083,73.22248864095612,80.65611478614497,Fully Paid,69.22765645178525,84.91956515653193,1882.118975566575
24.966800885918595,48,Bachelor's,8,94.40593396866133,3.94268113685059,Single,Mortgaged,2,56.79452305526295,3,19,29.734900737255078,4,97.10582451653677,94.42664891134339,47.42142166574638,86.20426509893134,4,31.910047324325564,,3.700763471549262,59.6269878482053,23.000883728770305,No Mortgage,7.695320162920916,69.62887758781397,2053.081271692563
33.98749637680661,22,Bachelor's,5,53.949129237533725,79.07231648389636,Single,Other,0,61.58631881823046,2,37,2.126941085038714,7,52.8937134027212,93.90676985128962,79.87832357736654,99.79341105333374,5,76.71882889311269,40.193091360924214,47.98756203039088,62.75054632183701,87.36771141863387,Fully Paid,76.82734138645182,41.77667821673337,2191.400077278704
42.13570022770702,23,Bachelor's,11,35.462215764077655,28.723899165408174,Married,Other,4,1.787393473341381,42,38,67.96472826930699,5,94.99611839502253,78.6345014415552,8.94110023122595,41.75807757849284,7,94.47320222914102,46.74015112498697,61.34113892107077,16.70339460920752,99.11686261369765,Defaulted,94.27317741351257,,1750.1102342392091
60.773679487885914,1,Master's,17,22.048620907017536,,Married,Other,5,96.91026301408114,92,49,17.38952492194873,7,75.82384757040913,69.60206180537922,15.389590633985506,81.58331249906178,2,22.38176148226231,53.69744228934136,59.293993484170315,58.00862078378112,9.148683739775487,No Mortgage,26.560004258870606,12.951492128280417,1805.483034194019
88.87480798689772,45,Bachelor's,35,65.52419806390218,55.08573706091393,Single,Mortgaged,5,25.97537837603262,49,8,22.018320194981133,4,7.613085949030019,85.12069140487687,,48.0586577326648,9,82.46809659251491,34.780920790219305,67.80161525590636,,,No Mortgage,79.74260216069281,65.84518346584255,2058.3921250218355
85.05817290942419,36,Bachelor's,38,69.74714616692836,68.01407717603004,Single,Other,7,88.08707591989284,2,32,12.886986747344519,1,74.35082562916078,16.07598960483082,81.79670241190622,83.21341779577419,0,0.638587171683358,28.703813317491278,61.69269183757422,98.11861780274235,63.18135270166684,Fully Paid,,53.99853797158555,1882.118975566575
77.98453951511436,10,Bachelor's,9,96.29920038589947,34.187216603868606,Married,Mortgaged,2,93.72284872364511,6,30,70.81720886452815,6,,34.588305695295674,62.091551776747714,,7,97.3488969177397,96.88778552856915,74.96518317429248,13.008624013063198,75.82631959290225,Fully Paid,2.2123551528997254,32.36102191495412,1941.8334328229948
48.864319040466576,27,Bachelor's,44,27.362666628166586,99.71245001577111,Single,Mortgaged,0,79.48095487499293,22,8,68.0499302074713,2,27.32595269982093,95.08635622504103,15.105789178090024,43.23348010426019,4,41.97273169261223,63.85259476640856,39.75943979627943,27.421520234867003,98.39776479598282,Paying Mortgage,,22.995460589108617,1964.6917000381727
21.31047040250833,3,Bachelor's,36,86.4358249839637,47.32099066915572,Single,Other,6,77.65968527917417,84,26,62.62203216314154,5,3.2526179491251916,92.08478478156869,61.665031452073805,79.65372909761763,8,11.730818896239448,12.518579220255043,68.55652872289714,43.030589489946266,20.052472670033673,Paying Mortgage,6.420893707513409,58.19714019143988,1855.1894499554528
26.899340443509768,29,Bachelor's,0,1.1620539908100636,7.244688779455888,Single,Owned,4,29.166257870930323,86,27,3.9618825348357145,0,10.493017841817487,24.204501586252746,98.66625932671465,14.249554290151323,9,61.81557343181191,70.2464970544104,55.96486834869141,0.9770847419183659,32.64613082439919,No Mortgage,8.786649914483336,35.06269312091808,1590.607045823941
3.3203108791366565,7,Bachelor's,13,56.75408482615582,68.94649691372658,Single,Owned,0,10.456784033440025,70,3,93.62122462436898,5,54.12963353010704,70.90605194509165,87.09691237460856,71.40869321324278,0,33.94501925428061,81.48251137465122,8.011484638467515,89.48166560605276,54.75923761537362,Fully Paid,45.23182845183001,64.35776951965249,1896.2975253158368
52.640266093611324,23,Bachelor's,6,24.710323401014644,15.954468011318834,Married,Rented,1,,78,15,49.8195716453139,7,71.92017782722638,22.845474133129873,99.63339160567419,97.4793162146783,9,19.954245092914512,68.02282424312914,7.219840897917584,3.0652502205806065,25.76828885112137,Fully Paid,86.82725054083805,72.7169069766308,1842.7425718566963
74.2706521199981,42,Bachelor's,37,98.76495637360578,4.010919141248248,Married,Rented,3,72.52576604151365,47,40,42.17209268734554,3,59.23503285933622,91.2363345616691,21.066218900566657,62.296658356348274,3,73.3113022415281,13.15676851272598,71.58249646820886,90.9032520665641,17.968310887024195,No Mortgage,97.13950940416396,18.097695270948975,1983.3999969012752
85.4385093369579,49,Bachelor's,42,44.53052550026655,51.48173539296902,Single,Other,0,39.10815366517607,25,15,32.51900642246949,5,13.087366071834982,96.98210450785447,45.37895413836392,23.605046334646396,7,16.975790508754073,51.977394855601766,33.70031764312863,82.88833658826094,43.08875236618059,Paying Mortgage,,70.67772168854458,1864.5552454592219
16.704190790094987,16,PhD,28,66.38045276218051,,Single,Mortgaged,2,86.82712805132586,11,26,,5,93.66056922949615,3.9343540668509647,12.21099140100268,45.21990282834353,3,31.61561049767505,50.723480868839246,4.15728590503921,14.834320096208886,98.66301229588468,Paying Mortgage,0.49399809344096157,,1734.1553543105638
63.91199378155004,36,Bachelor's,6,48.88465802569202,66.68642575461044,Single,Other,6,70.46807627366466,67,46,9.39007157894184,3,44.375021930457116,86.81422543775054,,69.26259522261645,3,94.46142194740233,68.32480282896458,49.71747640084273,61.78472402012139,86.89049844787182,Paying Mortgage,3.038705969683686,93.09486955069778,1882.118975566575
68.95267510315611,17,Master's,20,39.386440565415846,65.12329770414921,Single,Rented,3,4.821203886055603,40,37,78.23854840582734,0,73.84492092513266,87.8515561301348,40.4140321651033,32.70331615632387,6,80.78459419412586,76.22851347766158,79.78136488586345,43.5583314812933,81.78342161750216,No Mortgage,54.448909796084955,0.575866049812157,2163.0320348418904
32.45858299002703,36,Bachelor's,24,38.85581012703457,44.86936226225306,Single,Mortgaged,6,7.319592376844364,66,11,46.34940438005724,5,86.33336495718252,51.908178513621806,47.9181877629731,2.5642065806435688,4,38.019561878585705,39.88227808969005,58.017236922733225,53.360254672687844,60.79050927934446,No Mortgage,81.29857387160935,71.81230762264944,1882.118975566575
95.55236959549347,1,Bachelor's,0,64.7474714154603,89.8030548949987,Married,Mortgaged,6,93.44360268055144,10,48,25.677656772050796,4,30.728996492628657,80.30258978326634,53.91612766752545,31.130769915600364,1,71.61506742231936,27.262400073353376,41.354910152535155,12.188609333694755,18.11493495346803,No Mortgage,18.143834769562694,52.516338366706016,1592.9445906231801
70.90462617224327,10,Bachelor's,25,96.29268752375798,48.35456467199247,Single,Other,4,63.31513755940223,60,31,88.42064633484078,6,21.204483990822666,61.09809888509917,41.10284698067047,83.98613028667204,0,35.34213793027181,23.687055897448207,78.05255152438619,27.48060355481361,82.26143185136785,Fully Paid,66.75498992914704,9.553531383466819,2087.6762197813114
62.3859324676573,45,Bachelor's,16,73.68737449441821,86.27970775432286,Single,Rented,2,64.1971500443266,54,23,,3,49.67668588591694,98.77855202148874,13.643975255673313,69.51445540475937,0,42.819961492561475,71.75977656581762,69.24361513243696,99.12559937021884,,Fully Paid,72.43388171287411,57.83869170064091,1786.3060455079374
27.416066655980586,7,Bachelor's,44,19.18673247187429,32.33715621155208,Single,Other,6,51.90597909082704,47,23,54.00119146045106,0,65.08773690471942,53.29577865513353,,33.300191305819794,6,99.41393612211675,66.18391898493786,55.77834173700249,73.06505102392461,46.52056122837182,Fully Paid,56.22968158779098,95.76252845053801,1747.5077494284753
17.530294235765965,19,Bachelor's,5,9.667644964671961,45.037093625818514,Single,Other,2,79.54499607897291,23,39,15.241601333041743,3,92.70009679242953,53.99571302805596,84.20332943764213,52.09579772720422,2,8.912443211601662,75.52704204968079,12.771348363523483,82.60676302525283,78.20280876703859,Defaulted,3.6160380524762115,30.31283559453286,1973.124558565273
26.311256991084285,36,Bachelor's,3,55.38022407123763,30.552431065802356,Married,Mortgaged,4,51.567942769649775,49,48,85.14249577450957,4,93.05952146439162,11.636639788547608,81.74497084911916,38.06232934765801,7,86.80566901074504,80.59254001176211,79.00304363070614,30.46791390980408,8.091928305125219,No Mortgage,17.35245149865087,69.49510889024617,2000.4575502561495
34.609972653778556,47,Bachelor's,37,13.252467274184843,86.20144822726226,Single,Mortgaged,4,76.48098009029954,50,39,14.63739921622491,4,6.817230938549357,2.5811906949486985,13.516628915482276,96.31151115891738,4,96.582216115322,43.2497878330132,31.181613308525957,50.61418628402441,43.95116886329101,Defaulted,64.08263146902063,,1780.7483159875478
61.95879548978296,15,Bachelor's,6,78.07615860684398,45.98004237693202,Married,Other,5,69.50352288585532,23,14,12.138493942242889,6,10.10458110106467,,6.229179813006269,50.94221281497897,9,81.39702695060188,61.52194382310109,30.625362078661166,62.389583629163845,52.70414639116516,Defaulted,13.071037674019948,88.66042152404667,1696.7591332349705
44.97846488213225,19,Bachelor's,41,82.75378955668742,73.3614380561402,Single,Mortgaged,1,48.13441516353236,25,26,13.710970572899905,5,,1.2120774643893273,24.12014575995415,97.58737549100537,0,95.95766443210334,48.785404392636245,10.973619867750351,54.79594889736929,45.43773345599609,No Mortgage,9.808258078424458,48.82411370217782,1698.6014545499268
15.004866469398426,32,Bachelor's,2,37.58882851457693,39.44762785700353,Single,Other,1,95.53346865039283,31,18,43.760312405539196,1,84.08715794259226,3.8426348962324997,90.17619921354235,46.147746462473414,3,65.93539222057827,89.51177407065364,63.66696821672073,61.39335847600618,6.665204056068996,No Mortgage,15.016900081704165,73.74337687214856,1986.6710398422401
51.22219208126745,0,PhD,8,71.63233880626822,7.208433599867337,Single,Mortgaged,3,73.75083594590069,29,34,77.46535311811819,2,18.519556786746794,17.410933533408436,9.839564971339732,66.03027197013381,6,26.5046428325004,2.094496103091281,8.217166747642734,96.78600348450304,29.544477747742025,Paying Mortgage,62.46635688542638,38.19396396528959,1497.1645953699926
20.56872621955551,12,Bachelor's,32,64.39042535411306,53.030213324915835,Single,Mortgaged,7,29.282203670096475,60,8,74.8073179429532,1,65.64786073315027,12.809574636620003,33.82675059944984,92.80836403260497,2,37.21670238375133,43.2076882944196,43.940498969445215,61.29395824945255,94.30758377447076,No Mortgage,12.150137630091805,19.747048985993732,2075.6738083623263
88.69249002092695,14,Bachelor's,36,86.1369996363436,84.6514338690278,Married,Mortgaged,3,46.053949727414,72,27,65.61618376810715,1,54.502691889693835,98.46697395245081,93.73880664971189,4.317373579701167,6,13.172877345456191,72.59799099852955,81.77853298569451,21.35113663106719,50.5852692951829,No Mortgage,73.28015447662506,54.223720549184826,2255.9633201259417
59.03476904587729,0,Bachelor's,11,68.88853020500906,87.33229158608077,Single,Owned,0,46.15574744197899,24,22,99.18099513493634,1,40.14943158612883,80.00709686991596,20.403563462889885,55.50849493022862,3,61.5985450260179,18.802473461541613,35.538456868573945,78.37917844853972,55.42265141320166,Paying Mortgage,76.09907600280938,3.531135494023907,1828.7529044475014
74.57337827312321,20,Bachelor's,36,32.69316163380791,14.888805033244468,Single,Owned,3,36.83095305068483,72,38,59.304433418678414,7,41.262184084862376,69.56181464968068,,61.95893374598407,5,79.41973312770843,9.299063982313216,58.82022669483905,48.09728898861238,64.23255259052274,Fully Paid,57.99837874281313,56.14845879595237,1911.8824148882586
56.06600944161709,10,Bachelor's,5,26.982072012821433,82.5049410180062,Single,Owned,5,33.42383186960608,47,28,51.72690564416094,4,14.745252670628394,32.81927536093116,43.40193661738753,8.860042967961723,2,59.82252940637388,73.56631142391899,99.83475113929497,93.31133313435576,64.25651995351916,Fully Paid,63.617736470823274,78.56516180802319,1882.118975566575
,40,Bachelor's,38,57.18722712271865,58.77693608621982,Single,Owned,1,2.6196708532064794,83,27,51.80787662388154,2,94.06792451153404,25.929675886577375,42.96568127389351,87.27302504846018,4,18.610141784627732,80.26433097957104,45.81868867378927,48.29688720853552,13.347997241594378,No Mortgage,72.79393069737652,49.646115235529976,1681.5896412501709
,22,Bachelor's,15,61.02251494776413,13.535408227768553,Married,Rented,7,6.895801635642118,28,26,24.697879907199983,2,24.95461998495061,27.1949726128631,75.93982624179637,44.973984245054,7,6.536615756438524,48.75711936733843,3.3613600183282633,6.265320345535452,90.64374533444109,Fully Paid,53.24206822752171,41.10956026007065,1688.7556333818052
34.73433262588427,39,PhD,21,96.33944342135504,56.016818346184195,Single,Mortgaged,1,26.015779096205115,98,25,65.41746014740745,3,56.53302545716099,46.39324866883362,97.2005329631537,60.85272726964666,4,11.409578488793336,15.124682873493455,22.53169299512351,25.0966661340298,,No Mortgage,52.33909113743665,11.476887186921747,1837.9385381380032
86.0139693349435,22,Master's,25,54.353821734264606,8.172534574677826,Single,Owned,0,94.56981470002823,66,46,41.17655415845085,1,54.543186940690546,6.227310588188562,51.25026487703317,80.64036172328395,5,5.195657755426842,78.6278199384033,20.13637821359744,25.862083488803876,16.47063534322959,Paying Mortgage,75.6751505688635,51.93858595039374,1838.1710747624593
20.488127415071254,37,Bachelor's,42,23.87962113815393,45.12393441809881,Married,Mortgaged,2,6.5204591260492055,90,3,49.781250803429025,2,65.6780104724294,82.21031606002255,38.04200075075623,77.56118509253275,9,20.376645912768907,52.33296311947413,28.713795808457554,79.28544190338394,57.75933658811575,No Mortgage,79.79141596158941,39.59704726624549,2147.125328681386
91.50900684070432,3,Master's,24,79.32613504382545,31.67616770675267,Married,Other,3,98.3521472715222,20,18,89.39897100078704,1,15.210428322227287,44.032341836834895,61.529802506980204,8.34640849893833,8,80.36035354415351,50.52067735766382,96.71266152591704,41.77609792750997,98.41103190364979,Defaulted,63.467127325394145,16.5954895295785,2153.990675208179
88.1927758304644,42,Bachelor's,1,,52.739962212267635,Single,Mortgaged,7,73.14964903403623,85,31,54.07937549855444,7,31.43501131837484,47.116789893281464,82.16368977104716,45.92651971732139,5,49.421244725029986,82.82492524372184,33.520804737087275,17.37615931357438,71.20140203307808,Defaulted,,23.98741127559447,2052.059844462044
,34,Bachelor's,29,65.11475848816741,,Single,Owned,7,97.91049380151546,12,17,32.5104015431699,4,6.964114816240574,17.48814371759594,85.57372589057863,22.71795570235149,3,27.927608845441043,64.28819100587077,69.4150573509831,51.265475314505295,30.531067669673128,Paying Mortgage,3.318935456242622,30.39464012407238,1882.118975566575
65.3162790531283,43,PhD,31,78.84473432532987,66.49849034759953,Single,Other,3,56.04406309804399,44,46,86.45636095226699,6,38.04005489704097,97.68003285106593,11.072059332631568,,4,73.99041207669303,91.80765521991506,28.003732955048942,85.83416767991208,29.221823046189776,Defaulted,75.3961903596784,80.49067768414386,2305.824150334484
1.80065556004545,46,Master's,30,82.9394664858847,28.152119841492997,Single,Other,6,54.069847664491036,24,1,46.876796546450585,6,59.83574842977588,29.72378077086172,29.99191115069847,74.31931987316034,4,90.28949951919873,85.22638743911814,66.78046832264066,59.32215701073843,89.23024981396523,Defaulted,7.896916219082861,23.95101699095381,1718.6032639120863
79.45782787001903,3,Bachelor's,9,,52.14456890435895,Single,Other,3,11.493299705956684,90,16,82.92867993167555,7,57.17723520483222,51.74463517550413,43.042741032099016,31.69465877911193,3,77.38796557301563,60.19234310151316,89.2523289954846,44.33800143791877,60.7089578718754,Defaulted,59.16971623063255,70.26337730855164,2300.469778478187
23.74334683748063,1,Bachelor's,38,48.76670686212644,65.22242595454725,Married,Owned,2,50.626605949520275,7,25,36.185309320513866,7,,14.002409755331769,27.68143077913058,97.15326909010507,3,48.20410581120825,19.609771273839293,61.07800710757682,28.068321551597432,20.699257843842677,No Mortgage,0.5505799160420821,0.7664032649225327,1479.6709381760825
21.906880910185777,3,Bachelor's,33,80.25856795798128,57.204864336930086,Single,Mortgaged,5,39.70150412371917,61,11,34.52231428016921,2,87.42225246851758,49.35465803401187,70.22587660316643,99.28168389990704,3,27.47315255195195,39.45760755976464,42.18281785388314,41.102107526554576,90.76110025565549,Defaulted,60.79052140907037,30.93727178627821,1783.5538915698935
82.37903842212947,45,PhD,0,63.6401370183407,5.1135381442100725,Single,Rented,4,68.65899134926067,38,45,36.90530217609166,4,41.89477901874754,75.11780478084181,7.100766453325546,8.018001408190345,5,94.1725711618925,66.85726467229141,67.86699566725648,36.1919990837865,,Paying Mortgage,63.60960464095422,91.32869475762368,1578.3496940172708
61.25734683448192,37,Master's,12,90.24533072858418,6.644384435577488,Single,Rented,1,42.2034260127639,48,7,4.373907230894735,4,55.86423964504254,34.316735317265824,72.9173487549448,65.22916485919397,4,69.24928266692253,42.99310773901481,67.29666223944324,27.538117425541852,30.63134987782127,Defaulted,44.64195164015822,79.83803405183525,1739.2094004337007
82.24223736682784,35,Bachelor's,5,31.886681832113883,58.21987465941139,Single,Owned,6,68.84050184921368,16,43,14.259414408190874,1,34.58774607378574,15.445974722332378,2.5447759905750877,64.58223862864843,9,34.060416658129164,7.171188884765101,40.9628894895232,31.12174950633936,67.71206397350093,Paying Mortgage,36.459372819754,21.78925542549901,1769.5194719638916
98.80359661555919,0,Bachelor's,14,48.55896996593978,2.7536719869465487,Single,Owned,6,3.8996012574911587,38,16,2.335209632818591,3,45.85230088818907,28.924477197265453,,11.613896020052561,5,31.396671737735282,88.84036723086813,60.294287647946156,82.67073597414874,98.40131632104642,Paying Mortgage,96.1135485407593,38.94818949024204,1933.5541956436523
38.55119047369223,34,Bachelor's,15,55.37114853580112,54.1704812410004,Married,Other,4,30.233324935149376,19,5,34.244797883471335,3,96.64173858664074,55.77088262500439,34.72770390305075,58.0467600993696,3,44.40437492022029,62.62343214210638,48.889783179245136,40.177880065432426,99.38483888996981,No Mortgage,62.34059581594401,56.93773611822828,1852.7474033244157
62.06604798245841,20,Bachelor's,3,47.554603748682666,54.302458395766315,Married,Owned,2,72.21432354559059,86,13,79.0509794274885,4,79.42106625494054,27.576756825135696,87.7090581018189,94.40420938253979,4,46.267560506539354,98.09873781626851,48.34074359731466,86.35475225145451,58.87315221313199,Fully Paid,28.57835555258702,20.322309108608728,2067.7331081949806
76.17981913776973,38,Bachelor's,4,57.727902923313124,86.55771456245522,Married,Mortgaged,2,76.45277946547176,95,20,10.92642103096214,5,43.91498166337483,84.69688542070605,89.30902051954149,6.245759361907144,8,44.831905536942216,51.04324890042322,62.659251109321026,,1.911609442976403,No Mortgage,68.77220424305607,72.27069576982285,1882.118975566575
69.2532431537108,13,Bachelor's,35,80.4437207679505,27.875987241455302,Single,Owned,0,99.78208556819781,82,29,1.4315277667059978,1,83.41445970006758,74.04761319535191,14.285028730083859,75.34279222569691,6,65.85405156700548,76.61159327955862,84.59214396777321,61.360411423745845,8.860471396967906,Paying Mortgage,7.764933467160507,40.75430310324308,1937.6339538416019
40.71064891256276,6,Bachelor's,11,80.82352100092221,94.76880259644707,Single,Owned,4,29.95656779538739,50,29,70.70864772666981,5,7.290183536790352,40.28732826326371,29.52904940479433,23.238432305604782,8,80.34827432968846,92.92280536318539,40.510269452756646,90.61110021324971,32.1495701247882,No Mortgage,22.602899781599973,64.0476042175844,1764.639055215921
97.89811151748088,10,Bachelor's,19,12.292067846538757,,Single,Mortgaged,2,62.47838627894025,68,24,71.39526325065899,2,,55.25009674078891,52.016989231075115,14.287596133941172,7,27.140938044671437,49.669542281794655,28.42740929275167,13.382836299969314,62.95576968917366,Paying Mortgage,74.86452341262,31.758679526111667,1874.0578610144785
0.013469300448532007,1,Bachelor's,5,70.69764874557161,6.268962162186586,Married,Owned,0,74.09040561520715,10,36,27.039328638452552,4,31.334791758514314,78.89324717760073,89.18721448107347,,0,37.73180539631929,96.40784164901082,8.928952452557294,68.70192665032427,,Defaulted,63.27118787486009,70.38570916343312,1693.164290659286
0.43632696503090873,16,Bachelor's,21,96.60475051286772,76.1037790250783,Single,Rented,5,10.536492225085647,64,4,36.005046590097834,7,50.04011457102012,43.272913601970465,45.7699605159294,20.88827240051637,6,36.98132559871766,5.2355020187472405,76.75676285179182,41.6504431903879,82.21798868164232,Paying Mortgage,21.199405469865805,65.73534821701286,1929.2790331681472
47.22818041629817,38,Bachelor's,22,60.775212225272256,29.53014775718328,Married,Mortgaged,1,31.562734376335,39,21,19.92152748940531,1,28.74095964655797,36.77859877561529,5.8091952080349785,11.15122123212764,1,26.75926767279715,83.54802257421944,1.4693388654953843,37.90940486719362,33.73455467690927,Fully Paid,12.436839900051023,41.36426749186353,1570.6311768350988
49.28645844474466,40,Bachelor's,14,0.992382112783563,46.409515945350385,Married,Owned,3,31.18638579168832,77,2,97.60138232792136,4,1.6947664889580993,77.0158211757096,80.71555373648826,12.020722912057625,6,1.755236336662891,29.33086107805647,77.31418739186715,51.79605277125789,34.80955931682881,Paying Mortgage,,29.98005275652359,1757.5972781632147
64.64587416379305,47,Bachelor's,2,89.85606046748393,78.3198413298626,Single,Rented,7,30.29157288331926,22,24,48.40770697102016,2,47.38098283979466,5.784444944716061,95.77898009882038,94.27243190941122,8,99.13279015642206,54.448233280026294,,7.560504061675077,36.568074826137135,Defaulted,19.583308413427,14.08029488926761,1983.3125345760257
62.241364156599666,28,Bachelor's,14,81.11237699334708,63.59547071637285,Married,Other,3,34.51922084942105,29,46,89.01411373960147,6,6.220322616470275,14.730304427897034,0.7841590771916818,63.09217902291634,4,13.427485090227552,95.79341210567705,52.96597239456199,24.189329411288917,50.06035711547076,No Mortgage,7.623921797356448,27.4703815047892,1875.3647109511755
,45,Bachelor's,43,4.389994264300512,16.574977982015593,Single,Mortgaged,4,84.36496640518237,79,35,24.197713031704538,0,19.692570445342838,95.14298103618323,99.4819293965951,71.17228057460487,8,56.95397795671037,25.954178317609035,43.699588566562085,59.35609353787859,7.308156202701499,No Mortgage,98.11778367622945,19.010764978372762,2040.002978905553
79.25951162883833,40,Bachelor's,6,52.14596387214719,97.73079079915037,Single,Owned,7,71.8331175372004,64,16,16.26997438085659,0,77.16269109786077,49.88956645359419,1.2103116776107425,0.9038469079292177,5,92.6194068431782,22.867677960360876,63.43636888716871,22.207587069332057,32.16699896595486,Paying Mortgage,72.88614422699469,9.539927731321063,1946.0347849264163
42.87020209864336,2,Bachelor's,21,11.850262359815156,28.888493890916568,Married,Owned,3,4.491129899561585,37,39,75.42649733470228,3,95.09285945025483,57.712258603832076,35.71211593005028,78.75490858587793,9,56.40740288335178,35.85784615248732,65.66310737078761,24.03989128935069,,No Mortgage,10.18036829495369,50.595790773493164,1979.0864492553899
22.085278296300892,3,PhD,17,86.67703545060003,28.247874397702667,Single,Rented,3,58.00888346694546,75,28,35.30503916003024,1,94.64565131504055,89.25582274864745,41.94479939573136,78.03655030068816,7,49.75398521461022,20.468010905728395,59.113030325851646,,33.15646990671938,Fully Paid,20.707580921085523,7.115828517343282,1797.31316290822
6.90075926128163,44,Bachelor's,40,81.08785810079185,83.5825927910516,Married,Mortgaged,5,65.46506868659546,87,3,28.24724263700037,2,3.757109039890738,,76.55467505158609,0.0011634755366141114,1,52.251018108558846,5.4634420000972295,97.30781629723329,22.612533124967193,30.419871963628086,Fully Paid,23.04166621173499,,1587.7553376415617
72.93447940879963,46,Bachelor's,21,74.18963269587151,84.84253790905247,Single,Rented,0,71.26213330985128,18,37,90.19401967491501,0,98.48584027624759,75.42482596820807,39.319520102792225,59.06378339946377,6,7.845581631712395,54.44969591038651,70.93208284726096,16.732130400106037,78.06317174255571,Fully Paid,95.22217856975946,4.24222982068917,2158.0061885215105
26.5326137555467,10,Bachelor's,26,75.9005282521931,10.251596406647446,Single,Other,4,93.29248625696721,69,21,46.17161438131191,4,69.45954272532853,72.89810616558164,86.16909037873452,27.4071589342191,0,19.524060295649203,34.53419522448878,33.56104542698427,97.85254683891405,85.65372237479268,Fully Paid,72.70567616153902,56.20727944025711,2216.694456484643
94.70906671085191,0,Bachelor's,16,78.6205652261058,73.44439320755914,Single,Other,3,1.1417983454073632,97,43,23.497340499595275,6,81.71281420155852,,,5.166872165796111,0,71.845394732255,86.2640471149179,17.925561190779003,80.00034817636814,55.27070757185453,No Mortgage,13.171502857909356,,2018.157223976776
15.727320817971535,30,Bachelor's,42,,,Married,Rented,1,83.28303767882711,47,17,5.1835799119729025,6,28.76327290436782,30.67765995221412,35.29585034523566,62.12924490496101,3,73.26990505902803,40.45273855738697,6.835320030995861,78.37598424841073,28.5758324592706,Defaulted,68.54438832219016,33.2456157148712,1723.6829724922773
5.658565614671563,37,Bachelor's,19,67.1479148667207,63.22821536376399,Single,Rented,3,10.137289755315916,27,43,98.0368740942185,6,51.870099438059505,17.936468201221047,97.06765454097442,11.33035047274642,0,73.78849848346061,70.45544280274453,42.272863689393226,34.652416795271826,39.76123785528706,Fully Paid,20.53329387067998,48.303969755889,1735.0915072591001
26.853375606760732,28,Bachelor's,6,60.363720055937506,7.697946706496628,Single,Other,5,9.206698608247542,62,14,26.74020278575413,1,96.50153694544719,25.089304569110247,67.60262880525475,70.66298698787095,1,31.290739421364822,27.109625376406576,59.76682827027031,86.60956336116915,94.67337289233956,No Mortgage,15.482861259771985,94.47362587830797,1902.5707511585906
73.65352283347926,38,Bachelor's,13,,68.01118854469726,Single,Rented,2,25.310153917960875,95,39,83.98016066644267,2,67.24604980250288,97.70069544389435,10.189310087293679,0.8319942227192012,3,9.26254830513672,74.83843496762313,91.45486638485589,43.402097270875885,25.871164215544095,Defaulted,72.3447817850001,0.9054161580370979,1756.309550705858
58.945398948469716,11,Bachelor's,24,71.40527233781268,9.13914863317764,Single,Owned,1,1.3745554011345251,21,27,24.755977027988642,6,45.894051659682034,73.27334747861651,60.67317247174364,67.28716685980798,8,,83.84918338430248,,82.29838050417675,93.27105081327613,Fully Paid,20.02820178676259,61.678360785254114,1934.8998839178612
74.2881493667939,23,Bachelor's,6,37.11129384301278,92.07666084633573,Married,Rented,2,36.84489199165789,66,28,45.434542306765515,7,24.838360874320752,70.54608302834863,42.76013337033373,44.25455148147456,4,93.62806214689266,6.400634660862092,82.47432373470076,29.238311041219312,44.391945450637785,Fully Paid,30.1046077834313,50.26312426301305,1888.6004395164998
5.617607734743901,49,Bachelor's,10,76.44407280755044,40.967105337599264,Single,Owned,7,16.046261427122644,18,16,88.16906118435081,1,68.51343098744842,11.043186341110268,28.918744629594983,30.980687532246897,4,51.50056597097231,53.55538148796726,35.68859751711102,35.3789158736436,82.85555979060814,Defaulted,30.779583168074566,91.37884438732593,1791.1421271081406
95.2815017002506,32,Bachelor's,5,94.11208125336735,87.63194331423115,Single,Other,7,50.313247255154,85,17,83.79083748518036,5,74.83558536657398,43.92106012497173,61.054675501542455,16.036540611974313,7,17.925325573928074,,22.959816075396866,11.755130015021997,16.52844901429574,No Mortgage,71.87396178535302,73.24010490583791,1941.2659138567776
51.493334991325945,16,Bachelor's,1,16.57481769652207,89.08555349831467,Married,Owned,2,22.236130474817028,60,24,5.773215922511721,7,23.420337092633414,21.955392322980195,95.98628027134552,61.63004859257241,5,41.57751035233219,42.89443334301443,54.090500383808084,69.64298070361072,70.21460961818295,Paying Mortgage,50.0112752076627,41.195809503410196,1514.9639691638163
87.05269662693841,13,Master's,11,60.56378893234115,11.720390568023342,Married,Owned,5,20.62521138361526,89,20,50.780506395877914,1,1.8124041045729733,79.27581135728128,6.904590631459973,47.42550209769536,6,62.842645661458704,68.86316293078755,25.327238352271507,0.9978776658449373,72.3443662354912,Fully Paid,83.61177032072487,82.13883629006943,1748.7116530232777
84.33261677878832,48,Bachelor's,34,45.12941130292549,18.34421964034345,Married,Owned,6,7.569972730978747,80,40,20.347274249759582,6,,38.94049389788753,54.176096426756324,96.80658120507589,6,64.83180074520956,7.410542257486707,37.54689284665004,80.38145451934467,43.34722327556344,No Mortgage,55.905928494660216,32.11621526359535,2043.668916186739
22.011132590475313,35,Bachelor's,5,36.95741994267732,46.423851973922496,Married,Rented,6,0.8363681876857099,66,48,0.5313475668345946,0,77.28095732903374,54.841916299356264,6.646332577627212,76.65150495325847,8,78.19599771579591,75.17469923958404,80.30020719578371,51.80080664046248,14.032451819351499,Defaulted,62.04737850519706,74.22531871990871,1849.2327854672276
16.98810060507353,19,Master's,29,90.82284887003229,,Single,Mortgaged,0,57.88067545119405,15,47,71.6397111958099,3,20.22541805245349,31.382680822441557,24.150062799283344,21.491263703639586,2,90.78385138835341,50.705964673871826,18.792038081532304,7.697166938087408,69.61561451379252,Fully Paid,82.18309465853592,65.95107686407702,1874.5829626833706
79.62414505413685,27,Bachelor's,26,93.90684794502916,63.63742815333744,Single,Other,3,69.46409588937279,59,26,66.19689447938686,1,77.80252431446532,76.08513309307817,18.772240569225207,8.838494698451871,9,36.83472137943513,43.23462264033473,,,3.3676403874464023,No Mortgage,24.339668321853047,55.73371695730081,1721.440625454163
3.897932066113041,16,Bachelor's,44,88.81181889340358,,Single,Owned,2,84.4871347755229,57,6,9.491793682166971,3,32.663924942591095,74.81839120488463,80.66650530268164,85.80232710072292,9,24.149648525686786,4.035082685969971,41.1191517994586,13.008066982894695,2.2425889162055124,No Mortgage,78.37382510752364,56.61806912250709,1943.479715214484
31.277798921035405,15,Bachelor's,1,76.43533864364274,62.374308486400906,Single,Owned,3,61.95262000363033,62,36,58.69365065589071,2,99.06791570657658,75.6730167068568,44.22938054511353,70.73970000329277,8,22.8875462483499,59.68518768877594,92.81820981139515,92.91395200154628,34.19052781054903,Paying Mortgage,21.16358985698612,99.56311094988834,2075.0180381247146
98.11179078679358,14,Bachelor's,26,59.31582190394682,5.3347996988897695,Single,Other,3,37.31226184223836,16,0,69.08839765508228,5,64.86389567688155,27.528821345186017,15.620656868662197,63.594032682671084,9,17.935601028924097,70.51391455705634,45.51719917336564,66.7760591603153,83.73670797701507,Paying Mortgage,1.9144867996836679,77.91025863957867,2086.384161719913
60.96974251526159,19,Bachelor's,35,96.09201469288247,53.59350788521182,Single,Owned,7,57.26072328820224,92,8,59.284018050811014,3,5.198935197770749,3.174376537298862,42.33351441531975,8.456537809723786,0,88.09730056396575,88.29148165187222,65.90454101322324,21.1231831472931,86.29968313588721,No Mortgage,19.66535849529587,73.74260857706773,2108.5965634779595
28.651954892712293,30,Bachelor's,3,89.73658657909318,62.26305335986581,Single,Other,4,6.239406859827723,6,48,81.69739072718367,5,93.79652314338942,8.510348611978536,38.55975925133334,7.103488904400212,1,22.936577703767234,46.91072110475787,26.856216745364257,10.09781068177611,16.749108909410772,Defaulted,97.30767979122983,75.92925069184736,1777.922718437402
96.7761465269562,43,Bachelor's,34,32.62539180411468,29.93833737053483,Single,Mortgaged,1,35.53197484738877,6,21,80.90236402916764,6,34.26451465225215,86.46589218581401,15.492531114344265,8.27368356181899,8,30.24195112785364,56.34083644838541,80.38048904834751,13.714848815274316,58.0699084554285,No Mortgage,14.407878601319958,62.39984855289824,1562.0272238464015
,48,Bachelor's,0,30.646346804282032,82.23812111853543,Single,Rented,5,,66,27,86.22029736581888,7,53.802270536390296,84.01080784391999,98.94511309650565,88.95193110437631,7,19.516651721865042,48.93925374065887,74.16414518360422,49.25690707532976,48.31808633136685,No Mortgage,36.14037790671863,85.97946748116456,2116.718589649757
40.680480095172356,32,Bachelor's,31,12.600202786399429,19.64192158720174,Single,Rented,0,57.931446666193786,64,22,55.266226777674824,5,66.1667259629189,14.122354337314945,57.08774168394763,18.52703553833237,7,21.87098003235832,,82.5710951560667,28.570756766089033,92.71237818644494,Paying Mortgage,57.126046993709735,14.30011226657264,1752.6336777778158
37.45482433795813,29,Bachelor's,8,55.678491092818795,84.51208514960348,Married,Rented,3,22.05042634356471,87,24,26.32473465180112,0,87.06690341255177,79.25948132091347,62.7328935090678,75.02657639388423,5,45.832359458757544,35.121938734878086,9.37765262570165,48.61304852149241,92.07396503426354,No Mortgage,29.14609134937939,20.754093620570345,1653.7011670671106
23.81466536656963,40,Bachelor's,1,76.05756424552823,15.44922040049258,Single,Other,3,99.95577032504386,39,32,17.070836331248017,3,20.444837246427305,34.041155611425964,51.05807574595599,,1,50.98540095504577,50.127564462572934,5.024300982298213,3.491155265622381,55.11599619163721,No Mortgage,83.91803949802986,16.067958471184518,1711.5921000539852
2.49716621170496,44,Bachelor's,4,72.4598286847629,11.159299995724748,Single,Owned,1,37.97515229193175,39,25,12.548629679915068,5,23.693332490664865,67.73931298888728,,92.91447172116874,8,6.616518883444044,1.9155485551252904,82.6858560972753,52.473563766143215,77.52440518349492,Defaulted,34.50837455132337,3.010387221131894,1541.2489416663716
96.14923245741122,16,Bachelor's,26,61.146361122566084,67.84999682926379,Single,Mortgaged,6,88.48551176960044,27,28,96.3360320446038,1,71.60499732421445,70.62461625552622,62.26895409497975,99.01088460868658,1,33.997186379324816,7.893940294655555,44.27981365437375,26.10485262348481,34.338670217764424,Defaulted,93.54845135274957,18.573307200518563,2131.5894409043494
37.25089315534659,42,Bachelor's,5,16.279098920622936,59.521283412687474,Married,Mortgaged,4,50.15179603501664,47,16,75.11771369540428,3,57.789111269408835,90.43597749938573,81.74078473061094,75.70481146986255,5,0.6877962219649314,21.244727719547296,66.35235939134523,41.119748888254584,40.24062592993117,No Mortgage,89.55628481318388,90.91752640535857,2013.203228119362
31.38780765150273,19,Bachelor's,19,18.463245734736923,34.2107620863594,Married,Other,3,73.49258473948942,28,49,29.994206977702266,3,43.38439228552442,16.440552907887874,,54.66956820721302,0,34.395768655768556,73.30001072226231,65.8661354939767,93.1554914309481,82.09810172991409,Paying Mortgage,65.70304982341074,89.83864665840349,1882.118975566575
39.95187845869348,32,Associate Degree,37,80.0980700403365,10.445451810015138,Single,Rented,3,98.05682270607235,6,9,73.88666771330327,3,65.87176387270222,53.22918759514545,10.326500887504842,17.252387694636205,6,29.63576135132884,93.8315728651316,81.87402294840508,98.3567206513663,25.967083895041398,Paying Mortgage,43.12338697915579,34.751879531375465,1769.4801094445952
5.034952696935324,5,Master's,0,22.65216260361057,61.39703063252326,Married,Rented,3,82.3552226611819,47,35,36.25597965590946,0,32.8179482797612,20.9059373706846,8.468834187530682,46.66931208844084,8,84.09087104029072,22.123869644606398,38.099127366839994,80.8405738893691,82.36236107489735,Fully Paid,45.91240232866809,30.328589084928293,1730.5935917033669
93.2554878419312,11,Master's,23,53.15721526867312,3.2659060784495875,Married,Mortgaged,0,65.6409603500657,56,21,6.845045256601678,1,11.635848516449588,61.27958355365104,93.84821582141547,66.17777324716386,7,35.466620498508284,55.066337944085156,40.320775613325225,83.36440104751723,81.46710047099891,Paying Mortgage,37.345794513270526,25.533637376324414,2016.8613334320116
10.587431821312931,35,Bachelor's,22,65.81598242975734,,Single,Rented,7,82.73021497372459,41,16,87.9330215678474,2,23.1380636376848,50.24272871663764,73.14863597031159,,2,88.61817721293451,93.43041141674902,91.64205445320663,63.54143568619099,62.982065443470766,No Mortgage,75.23978823037879,53.12940183509319,1966.0796321730668
67.74380712282945,42,Master's,37,14.64362566028161,83.2929715574228,Single,Owned,3,37.904048538303506,25,34,48.40205725094041,3,30.8468281489484,57.30422006190157,32.52111962762113,3.926941424165231,7,0.6379043406590679,97.83547870568566,96.57472098197475,39.5155297472305,72.8370854339646,Defaulted,67.1093157085976,80.54300430459791,2064.2974287406087
94.67562446922408,40,Bachelor's,26,99.03323037936484,2.5769598764351143,Single,Rented,4,12.038757878908902,18,12,22.267607912308495,6,54.645854172812435,41.719341856457646,16.02256009765063,17.093640242084827,1,75.72829782755008,89.79646468477885,8.412766225938284,39.310390755940105,10.024556372287662,Fully Paid,66.17186826439566,60.24494419665878,1697.502655370491
16.301911381488623,23,Bachelor's,38,97.46905960485515,13.545953679469081,Single,Other,4,41.96273828068103,3,7,39.2895108893179,2,58.32523923125568,1.1302536589022472,78.73719581492729,30.643282270337156,9,58.835222098315334,39.76844144330547,97.38004133571495,54.41986625037022,27.52391810370083,Defaulted,27.149200254271133,90.42432914075651,1624.159030234934
37.47219705073764,4,Bachelor's,42,,80.56488053633419,Married,Other,1,93.03984201693255,45,33,87.06884554574394,0,21.112594255803742,75.24683375864943,5.129384898121558,49.25353807142893,4,33.44011789887487,39.457231531892376,52.99405869302329,16.136735838838312,57.19958782835928,Paying Mortgage,76.01609297901591,15.389990469377368,1653.1974236515691
14.92494697414739,26,Bachelor's,40,67.96972168333453,5.66804321658354,Widowed,Other,3,19.343534295648258,25,38,89.56899442666165,5,22.99937539632405,41.13039720662313,24.05315851801487,67.23838432917036,2,67.3092130911217,82.43504472493495,39.69921622074742,15.631697070886085,73.79509473975922,No Mortgage,67.12708252291326,27.064394198176565,1759.2292042866
8.122963480667266,49,Bachelor's,8,97.72799325664472,79.38181039080396,Single,Rented,6,28.943952161948793,61,41,42.7486454090268,1,56.4231816684536,85.0574528015116,20.152837800631286,93.44330387534414,8,82.32732126800302,55.619069263001165,77.95167014240634,1.620039733946721,81.83804247795352,No Mortgage,88.99133763628625,99.19627472386433,2153.8099993701067
29.40674621767778,21,Bachelor's,25,,10.28425921574767,Single,Rented,3,84.68872244289528,47,9,60.3150120122947,4,57.53591731290986,42.906236930266594,27.592269438054686,,2,69.23543061544142,23.333282264932663,62.53301699544539,74.70782671290289,21.87138889065392,Fully Paid,13.097374299417408,60.59969672710255,1829.7702710488154
84.94464062257356,4,Bachelor's,34,47.85283699195225,92.88595498455656,Single,Other,1,8.159872000483837,2,13,42.63983568016225,6,17.464718589632955,29.593202943661613,66.38244748527251,96.53027236303998,9,89.03843208552661,57.68812013112085,56.39195667556237,50.027853520776034,6.9394085904183385,Paying Mortgage,60.09120056590861,34.09585714355583,1696.5112677392585
91.72680665776807,40,Master's,26,29.335342144100984,52.54703073558932,Married,Rented,7,67.63610678727241,94,29,0.11120941961874076,3,21.7891379626744,66.18345851139982,63.3711599765529,59.34613827047238,1,72.87780544506475,32.353041248549154,66.50559890066312,55.65784285021533,34.27309254279072,Paying Mortgage,9.441889766048096,83.15183331122236,1866.7386422941836
91.8397542081558,0,Bachelor's,40,72.89392001051573,77.9820884010068,Single,Owned,7,35.659617598620564,1,4,85.11507354259817,7,56.574495061328925,51.44613277398942,8.50563854892411,54.887280154259976,7,60.71352808835769,38.87263478765467,24.029912345036674,9.49652752283765,31.491844458889574,Fully Paid,17.689695082398394,98.73361585795459,1647.207462628809
44.41035569066186,3,Bachelor's,9,58.27144493446815,81.24738210441717,Single,Other,0,67.25072626736491,31,13,63.239625646550856,4,57.84925082293301,69.3422128056309,70.06114963944516,,7,49.995899196478845,73.02491895295712,61.91727353658367,18.663993979768257,2.568964486940817,No Mortgage,44.30337063376194,61.71059444286563,1926.045300583579
,19,Master's,6,10.80445593764071,47.84910701071892,Single,Rented,0,5.702691400361937,58,4,23.374079203674427,7,82.00675020556494,4.157895984659376,49.81299435480424,68.93104121026903,5,30.77709052931491,61.36379029893838,89.7935293443737,80.99244203028994,58.31302190995835,Paying Mortgage,36.482247020779866,64.09655280987577,1900.7002564938437
46.6181591127557,18,Bachelor's,10,,91.13391900786307,Divorced,Owned,5,76.65273162216272,33,17,39.593722619594985,3,45.41836627367061,41.22797278316656,93.4729915488301,25.087909989070024,2,58.45431132594582,96.93218122841789,37.783921372718666,6.203676362878152,33.93052673095674,Defaulted,,65.8102218056492,1811.1176906943297
99.77493890102006,45,Bachelor's,40,11.514617839520113,88.32736014262238,Married,Other,1,44.203342093112354,6,31,94.05039528794026,2,95.45659288588108,15.143231436996329,47.74161894803537,60.180673394544726,8,40.14617790890432,33.80844093662614,12.68240225504188,,,Paying Mortgage,20.883093549458998,5.856530528453385,1851.782686417952
55.236613781723435,9,Bachelor's,12,34.54808537234457,80.30118815263205,Married,Owned,0,90.80185454216624,29,14,15.144552193535732,3,59.56798241615295,,93.95685890251657,75.51336174451959,8,82.84386709389908,8.01867568121133,47.68388777331244,63.00931268616634,82.86529061182893,Fully Paid,27.706924971339962,94.08801695592042,1971.5691075401378
12.434584143087035,37,Bachelor's,17,72.20660642037853,4.028551877799846,Single,Owned,2,93.59372482485595,48,30,95.05328209544089,2,98.25212722560387,8.613213906368033,81.43867792687614,28.033475255141248,3,43.98556397138349,64.39565794476135,38.0951845023475,5.456540828269896,59.94611396587166,Fully Paid,38.32153659472517,21.633277763082702,1892.4426298576363
44.25773459328154,4,Bachelor's,37,58.800046342962844,35.31028889383895,Single,Other,2,63.14587925830206,59,41,95.79458599261376,6,60.50895185405384,22.048763941474924,62.565078942727645,57.160764948294386,8,5.958709735314372,60.43593197147711,76.36922693503206,52.34013709220082,22.67726253196457,Defaulted,8.010572660960225,44.183370480195464,2038.0808213196776
16.33667583984202,18,Bachelor's,38,5.115020562039763,39.77934409290982,Single,Owned,3,,50,6,7.1155678877909745,1,56.6018424887821,87.8033512844457,55.78736756600732,95.97910204048502,4,9.800768478074106,4.40658615703814,18.527685033354004,54.12701109416781,64.5572181427428,Paying Mortgage,94.59708898455993,84.2165376650381,1492.166229325867
29.661248215709314,7,Bachelor's,12,,51.85616886657339,Single,Owned,2,68.43142489253448,14,38,,7,0.41874436279578653,67.04343337969175,64.18195168014353,41.07888099996118,8,41.54430005920896,2.4005044844888856,33.537160621746246,17.708225539728982,9.842418910136875,No Mortgage,59.935972504216565,72.86562842366027,1429.961674025024
31.53637432661175,39,Bachelor's,9,17.90316374415838,79.75140452964858,Single,Other,7,92.24342836561244,28,34,,3,24.067051475715306,87.43073341370805,83.06227604317912,,9,40.96728692925191,97.82206685265584,18.089190137889833,79.91579711047821,33.419271417310995,Paying Mortgage,,57.835976311654,1967.158137495983
83.26117733261312,30,Bachelor's,5,69.20505530397449,13.998737672176286,Single,Other,3,51.961167580300746,13,17,39.600096638561524,5,15.873676337430954,,87.9601496711762,,9,20.831539000851794,35.543933736406174,66.92190299248666,48.38025398606472,41.83895333783335,No Mortgage,59.37806319434522,57.5593428640082,2007.6825470790745
16.14578340642401,47,Bachelor's,12,21.01071929123518,74.22713922522868,Married,Other,3,56.389292105540235,69,6,79.62436094563871,1,61.01079220362347,48.8177675310814,13.31821256675234,26.133301788538375,1,59.92992870063887,51.37078552153048,28.818452595952948,0.6464357789710551,49.623922190081394,Paying Mortgage,73.46083007105351,2.394626527048349,1669.5798115536008
58.482781130579085,44,Bachelor's,5,9.142199181713817,62.56819122613526,Single,Mortgaged,4,89.65746584690102,47,36,57.71170823879065,1,,81.01610899597024,42.967336335514794,74.98599312882688,1,,18.078515056237954,26.879761503019818,,24.685702759573292,Defaulted,55.51337867531885,58.79916294638328,1852.97041749968
42.649974724186116,11,Bachelor's,8,17.182946035765845,51.80774980403447,Single,Owned,0,81.18661240103798,47,16,,5,2.0137848949289827,15.378370551321618,88.6171294055993,45.851856218701535,6,66.30272037231474,67.90666044956374,,99.69494174116697,72.01574609309402,Paying Mortgage,87.97524022943436,4.922091454076161,1926.8015829177973
23.10808528744962,39,Bachelor's,22,13.812529314024724,85.91117576469165,Single,Other,7,,31,41,20.969027743020085,1,64.56025770584117,93.45438807155155,30.338554362913317,78.18909129968897,6,69.16556518665415,96.56389752668004,39.355533610631554,13.07173235897573,67.17088592440608,Paying Mortgage,57.506057345881466,20.681789313339628,2046.9608720986448
50.445594166935535,31,Bachelor's,19,74.52147426908346,23.22246909013431,Married,Other,3,78.33872199958384,37,25,89.69952893644111,4,18.28133885392259,95.62918815133614,37.66764404294625,33.92406611738363,6,48.6173654104883,10.90136156409287,24.853982092742598,31.694262176728138,80.8826323491684,No Mortgage,30.246631746146967,85.86981212445738,1936.7234385707577
,26,Bachelor's,24,94.50240645805688,68.2540478767157,Married,Rented,3,51.05704087285036,31,30,86.14180460955174,5,95.23867523987246,32.88226178486093,66.231373873072,75.18251459566811,1,94.57497022259301,31.29195480288226,85.85064545515544,13.168690343620703,70.50409063535928,Fully Paid,67.77232412013204,25.2314736135153,2188.6496209203183
87.30431470152034,16,Bachelor's,26,47.54757152327337,84.90980199586761,Single,Mortgaged,3,54.89096316400717,72,1,60.431298224031984,6,82.87089838180064,82.95627156830498,,10.540137739646227,3,67.10129805329098,69.70241660042996,36.298284040387166,87.92795561570067,72.53716002348575,Defaulted,40.77780344061627,88.63803619601417,2053.228038679409
4.719670169737899,46,Bachelor's,18,27.05592564879914,24.879178873917706,Single,Rented,5,39.31217982070792,47,4,97.57788185489326,4,35.719233399304485,34.40916178494421,52.054383730485846,44.06648834242935,7,50.55207917234903,50.77578381885688,13.83715947205566,98.27395409103859,24.99728908688297,Defaulted,66.31462489752089,59.53663701568727,1761.8774019076677
41.514565399274574,42,Master's,19,82.02533189448897,64.87471138950181,Single,Rented,3,,32,9,99.5734452051323,3,92.06914007786196,34.50168399245661,5.4732706924985886,20.424210636842886,1,21.963492859456903,0.02270382182555375,91.50015377475272,84.3879411230929,74.22922314869471,Paying Mortgage,12.036357620998606,6.760474947238315,1709.626867539453
72.40291887729212,42,Bachelor's,11,51.23928207321066,34.88319074586301,Married,Rented,7,11.060359887316086,99,23,5.383052490845907,2,3.895784634846422,39.181089461717164,80.24017844513243,34.124444975772064,4,67.55867735674389,,86.14456860213242,86.60356750457565,0.9910695491153643,Fully Paid,46.073360024167386,98.88405413036631,1791.9836303985248
,48,Bachelor's,24,,99.21356394785828,Married,Rented,6,34.5579585870813,40,23,81.88692705204716,1,82.7523693953817,0.05979388347953085,30.781915002611914,24.116521430776196,3,6.81866197654627,18.712427041050173,55.55495698856199,29.13610728377445,41.73947823291479,Fully Paid,87.59049249998945,90.52989990105155,1638.3867962750928
49.295697165586006,33,Bachelor's,5,6.022694490029745,29.765027756828044,Single,Owned,0,78.31614309236971,63,12,7.053563759295656,2,19.01287663187057,82.12501545597043,54.46308711071358,7.78565196087696,5,24.696116699189254,85.96453453526065,16.88100057845642,85.39428821418528,1.3228812905293985,No Mortgage,76.94425794215569,93.47955174927833,1653.3143238294174
90.92021362064871,31,Bachelor's,19,28.418429571172876,28.89685249210585,Single,Other,6,15.987976336644138,16,48,50.33451306061541,7,73.94692332387272,64.55343564105223,15.577326058017016,54.70453456155777,9,37.73631767966508,41.35165302899592,3.9811439445753827,27.398809946997183,95.56494672664894,Defaulted,35.23270542525393,4.310010894832406,1834.9662128030532
17.909493932818155,39,Bachelor's,14,76.35158436682123,10.868253937469207,Married,Rented,5,34.259108281113186,19,14,93.80641395681313,3,88.74689402128824,62.543345016659345,80.82682112162783,6.903693691137491,3,31.37031247571562,63.56453219526132,,14.85067816436808,59.646707541354374,Paying Mortgage,38.21234944599732,13.22687150984817,1890.453416566846
19.668819731282305,23,Bachelor's,5,60.0945484537719,69.60798615670392,Married,Rented,4,46.90407475181539,18,10,88.36839676879897,2,68.3870124909032,2.534860426393848,69.00468884094497,31.61013115469705,5,60.9812761548117,24.080381607317324,38.680724205188,8.058081228651359,14.716325109494532,Fully Paid,8.975950056015714,91.08262646863152,1527.423410099649
0.6047043183978418,48,Bachelor's,5,92.60595598182655,16.169455327398687,Single,Mortgaged,2,54.66772648973117,55,3,19.54580003683999,0,91.64891511155142,32.78381988500341,37.20822549628959,75.98236584283885,3,95.20624466390028,73.79277689988002,59.742924257342,88.08951605447525,4.960590834948276,No Mortgage,46.50363342209099,22.6978539471521,1706.1879023370855
74.39051873021519,41,Bachelor's,34,96.15507321375662,44.485243282754084,Single,Other,2,56.89554832818507,81,34,43.369433132038004,4,36.32553516758102,79.39351334518513,94.09923225744372,62.3210373068007,4,80.50973120411349,84.50396488966425,39.505333785679596,5.126345917599817,40.187627123673956,Defaulted,45.03503857807928,,2277.1566712378826
,13,Bachelor's,29,54.56959688130259,20.40643885466006,Single,Other,0,21.60314403930722,47,45,42.71050453603432,7,89.79552161850192,52.504934024538464,70.72789119056672,25.217287749552998,4,,20.59800358769617,0.0943415267631087,3.926505164866023,97.72838231769293,No Mortgage,66.33107095040019,83.90996987996115,1874.3507509118392
55.066045923656425,15,Bachelor's,5,73.12505893473751,76.97466228570872,Married,Mortgaged,2,64.8464556900237,89,11,32.784283788581824,1,59.731237833071184,39.363552027744205,47.34356593750214,85.45473932021804,4,86.96496848121713,8.813443097669149,77.67984372086308,84.75476330547363,18.181765283733874,No Mortgage,16.54997746636556,,2003.6507326700028
53.534776806165674,13,Bachelor's,21,4.149732550990636,32.20675351957297,Married,Rented,2,43.53963233997514,47,43,52.75879732721657,2,5.282668636472199,,12.130299800553413,30.277512827196716,3,56.441658777974766,60.0583196987136,16.625533034970065,37.97374048216488,61.71942271169667,Paying Mortgage,72.76311376996887,92.26037570939579,1959.4997856172563
,9,Bachelor's,21,62.337956595990704,60.24691704572665,Married,Mortgaged,1,51.931269264230316,80,18,8.496628988946641,3,65.83074395060619,43.771682493354135,27.67541319513086,55.817118389044076,4,93.28676901266331,92.2645139603572,50.23718199720955,32.78839940182585,73.71324139566391,No Mortgage,47.47690060436513,33.63233942703335,1804.7814444597332
92.05358851025547,1,Bachelor's,29,48.50179875240413,8.540303016272166,Single,Owned,5,23.660978270750732,42,7,,2,23.981995220659023,19.495827149863054,50.49114512501392,76.87471313625129,6,57.680791963825584,11.921044284057336,3.6461050825618457,5.274395216221739,83.41641082084413,No Mortgage,4.515136441229195,43.789988714291226,1592.131655639107
84.39934719420248,26,Bachelor's,3,44.907851413487585,57.761308063713365,Single,Mortgaged,7,10.662361893659789,9,26,96.62742977481858,1,86.50710993753938,60.07921493396191,70.086569724388,28.520580268041407,3,45.56495494398774,48.20173397769325,75.7776560375158,28.191835559725163,31.803961169451988,No Mortgage,5.622429485097225,48.56342984133404,1936.0749312297792
91.28008004078617,11,PhD,5,,85.20484158046929,Single,Other,1,1.6028156455123121,37,10,7.971507318728499,4,93.2566708705961,57.56652529974197,12.611532237541056,58.172152747347674,6,40.64165365740187,87.98377479414678,64.86829533573645,,62.35053112473372,Paying Mortgage,30.96917111051891,20.17949482524569,1954.381928852668
90.88264977168623,26,Bachelor's,30,,75.64510879889119,Married,Other,5,4.0333852138451975,46,14,98.46544775908396,4,13.035313004326554,20.35348738868964,76.90611331597242,42.55056592718428,6,2.1009156986360744,3.4431308573314556,44.582554982701616,81.66552432016235,88.52388787075652,Paying Mortgage,53.836310210102276,91.32296862792705,1746.0556902739436
38.797275439788635,32,Bachelor's,3,75.14233175313026,94.13343927869016,Married,Owned,5,,70,26,92.94034838491538,4,79.7998035219224,73.85460533969635,6.379455625359787,,8,30.44904243540304,98.29468795547008,64.27774134799279,71.76761577934995,97.66176373150091,Fully Paid,80.1840168452806,43.45309633044954,2221.8008605481696
86.95336718149798,18,Bachelor's,21,32.622050698093155,75.61922341067805,Single,Mortgaged,4,74.23699370897819,47,29,,0,,39.998301829356855,5.739184368827354,58.33072481842046,8,15.174291295305242,59.7808013401514,,41.93346804192883,70.109758736427,Paying Mortgage,50.46372879774349,0.735304455442698,1696.1337300128587
69.17201141346888,16,PhD,36,97.90318407916673,42.07365625686168,Single,Other,7,58.20701311242236,86,45,47.51083649318354,6,96.67061400184606,,8.322306620807229,86.29596233130185,8,6.875390642248746,54.971725516331105,41.716427897570206,87.7749404862625,20.399460360938736,Defaulted,55.768869118545275,5.461030321346905,2064.934317850922
97.18453013254846,1,Master's,1,85.7857783517489,30.49031243850635,Single,Mortgaged,5,78.00480870400435,22,16,33.27294765103791,5,34.30267125900244,98.81240759546354,48.523045576535615,17.916391829015087,9,46.03553731348269,70.96713435045244,98.37115832091517,5.0175350319974,9.669455978756714,No Mortgage,28.1825003295472,18.430139695009906,1742.1712664184672
3.9361879819729495,2,Bachelor's,13,46.77206159711509,60.5896815179483,Single,Other,6,1.0513224541653488,89,43,53.554247309779825,7,,88.74245353703603,89.39335106699905,33.581636464153455,1,92.69075621458641,96.20584989413516,50.895904042204755,45.28248052843268,27.869431592852578,No Mortgage,14.281430447286736,57.9829576047725,1966.4057169486425
28.255026751863888,27,Bachelor's,9,5.4966306839822066,57.85418182035315,Single,Other,3,51.04601313464413,31,48,30.32197838442505,0,94.47073816724817,33.4878290136985,57.08539362787616,90.95953911109443,0,81.06835703375918,94.83695527889189,,16.144768603292103,96.07463027713554,Fully Paid,1.4196634471723701,25.763199876352914,1772.7165282134529
44.99436742688596,19,Bachelor's,9,28.7511199383759,53.82201018684752,Single,Mortgaged,0,97.74565631838425,49,10,22.72610535596623,6,69.49701331214759,51.51670283865888,99.02851705849413,61.13416562477262,7,77.21520276158381,17.046251158164203,38.451581370626656,34.69589503775858,43.180709510777724,Fully Paid,48.41730321634075,79.40144502659628,2094.2751209731096
57.64889031398659,34,Bachelor's,23,22.43829797997955,50.45029240548358,Married,Mortgaged,0,51.1093821472398,96,7,86.34315777893845,5,56.92064631294277,86.7979626730903,,71.80141781270015,7,9.244951703706661,45.79002951270714,39.44793908388575,86.70601823789474,24.399530235247223,Paying Mortgage,95.81381198044961,24.76316430714387,1882.118975566575
34.80519554773205,39,Bachelor's,44,32.099704564089784,52.6094013251542,Married,Other,1,5.165735711464103,38,35,31.56332153671523,1,32.07335823115712,19.225791846809194,30.946954908860093,97.4904272810235,1,44.47127768583358,57.654498995114004,98.33407684142266,,68.12821105324338,No Mortgage,60.73244167930659,8.857833963664408,1847.8134531306468
67.68722758275764,6,Bachelor's,28,21.096989061995043,84.1622007542774,Married,Owned,6,21.75879399316445,95,7,19.909341993592566,2,62.023484896112045,54.480108527609836,12.564349241231398,28.972798373821462,3,21.354285449034137,41.1144336479987,70.40314525916568,21.745293221723593,36.66788797029814,Defaulted,97.64565294354102,95.46663568790689,1663.8472772881507
80.01375827520759,0,Bachelor's,31,26.679454943383085,50.59258001463939,Married,Rented,4,35.967556122306775,31,6,70.15652656029422,0,40.91825874584886,32.937926930207574,69.33775385188524,76.62454727603789,0,81.16270144448535,29.391676050493377,44.63263599865612,72.7018527014134,69.29202292247886,Defaulted,22.51610242159319,66.23179135395823,1944.4117936478858
60.96819082757774,41,PhD,30,56.826861626876834,27.46658697879054,Single,Mortgaged,1,88.90006108146659,63,1,5.116550644547591,7,49.20017294320827,31.023528374470477,18.176359776119423,,2,25.810764317341473,46.39854174403808,13.328425808217315,92.77457330754073,86.7702097919239,Defaulted,10.621382758845622,77.5877254469693,1779.7764881654014
80.7957328109019,26,Bachelor's,19,83.43247957493986,57.73534012196677,Single,Rented,4,3.4376858351725215,8,43,29.265509766740784,6,13.341633552320708,69.16434019733182,79.50115369284704,16.33544497431565,0,14.551548278735915,87.71275618985017,52.81892617563562,46.72609960075026,,No Mortgage,86.799959189509,,1834.534139664276
62.60547089808013,7,Master's,4,25.74792164924693,13.566146716037775,Single,Other,6,61.03760597816921,71,11,73.59204063739489,3,63.91078469947063,34.09619736429885,99.76722632646592,26.355147949677782,7,93.06722555623983,2.464440463632267,69.66889878731969,72.53263907358782,83.63785774103994,Paying Mortgage,97.56019191566524,6.527675756646389,1835.9903520353998
82.18393227529025,14,Bachelor's,12,65.01871664456533,98.24825806012478,Married,Owned,3,36.229349000020484,70,45,5.510153515883109,2,46.90249397178835,92.85555328941359,64.10861035821594,31.16529166546489,2,6.605530782216007,97.25682356497369,36.0059901930726,47.78673549131358,35.52839742369226,No Mortgage,66.2232158329593,,2025.0310509257322
26.814322961192083,31,Bachelor's,20,3.979712733565255,59.768233552345905,Married,Mortgaged,4,45.930368821307376,47,32,24.465505460471306,2,83.88393367652704,87.7120467662288,24.317998026422593,55.057063454136426,9,10.187876413955655,91.11205013919576,82.05075042321091,76.00349018031739,4.876631881314042,No Mortgage,43.804407590538375,34.23951232958596,1903.3228769824705
54.647636102537646,9,Master's,13,18.659009687316754,18.82321997690456,Single,Rented,2,84.0348177588508,47,7,81.94956853860523,0,,59.63464974967759,27.4212889124147,2.660836607768413,3,62.56499129414531,58.07559990556591,74.16841289918231,67.52308375620375,20.588198817832115,Defaulted,12.6110141678625,12.985701341788102,1518.6182838578568
67.61957463565392,35,Bachelor's,17,18.410132336095696,10.56503454489307,Married,Owned,5,78.14620887547092,83,5,74.75206367465049,5,28.613504245831432,,31.416206383697208,95.7971066482454,3,57.97928438329551,16.65035470495151,71.22202051771586,17.589028341866207,23.538326189835757,No Mortgage,91.4834949996878,21.171437214797084,2045.0506259359227
14.424002111810353,25,Bachelor's,1,14.661455715984228,64.59278930230393,Single,Owned,4,59.36846199087332,30,44,40.547167633041845,2,29.22489567393879,29.481723834676686,35.45482088286074,56.45940812903215,5,91.52899403792739,26.56855648662635,89.58157315601947,10.347506364658464,65.65627023996524,Defaulted,,96.8326960099255,1910.168636351852
45.28833604155117,44,Bachelor's,30,18.83025249171064,30.37350462250994,Married,Rented,2,42.29435437415577,47,48,64.34289495173307,3,9.76100381089916,16.684857820557763,92.37313958767761,82.14712527761908,5,65.58207673273928,53.72756736680381,,68.26711524627594,62.8734015059993,Defaulted,3.900642076281813,45.55667819901088,1617.2680455896614
89.09738846907038,6,Bachelor's,9,16.361620413827627,69.17776391419824,Single,Owned,2,68.66786117241294,47,10,78.06993041716287,3,38.28333947684352,63.06352949830804,43.01427320968263,43.776505498812845,1,76.21296204503246,93.61765641665052,94.07508592344611,17.478128487493382,87.4743649656566,Fully Paid,25.283740069028926,6.728461292151455,2448.5294889911856
26.799726688437797,41,Bachelor's,27,25.715235110909585,71.93881555748203,Widowed,Owned,6,14.609656554132023,23,15,40.51971425753297,3,10.745055262890812,1.6912799921607324,90.95644273803012,26.96300087671828,1,99.93503004722002,21.143125799891116,26.51707411833556,66.28597876346657,96.54486346006212,No Mortgage,50.28755200655849,79.51102825267246,2011.8292542857564
13.574585309990105,47,Bachelor's,16,29.94231248031066,10.015499750676693,Single,Rented,5,8.839696714675839,98,12,41.61609464061578,0,98.61767972836948,82.08490092631287,28.14773024509194,7.006869572118946,5,12.037814950553383,58.07685836144216,92.87634212054924,49.674342800598446,84.29454824561972,No Mortgage,70.85835457678252,73.18727372865008,1816.373391465752
17.396370590333866,36,Bachelor's,7,36.15401877629566,,Single,Other,1,43.206728506661776,59,38,41.09425523501099,4,63.00186806188274,41.73829418004733,14.431204368748151,9.355940691233556,1,87.35342642452146,23.647491223869455,,73.60354004260655,32.00161130873917,Defaulted,16.25110652974563,95.97457214619692,1735.389172090036
85.15814000172374,36,Bachelor's,31,14.387615538978016,0.8619002591780278,Divorced,Other,3,51.801534890851975,42,21,44.26937019674359,1,23.30189643968348,81.31420044817254,58.84312404534523,21.076309942990623,3,62.8030464569537,82.99395932124433,41.56277820291552,,86.70116069106004,Defaulted,44.80854872830765,48.790019527930184,1943.9151758760638
20.42564679363964,12,Bachelor's,9,48.01835152618879,48.58856061896132,Single,Owned,0,45.113006979784146,58,49,19.231577278435054,6,,91.48421498516547,,95.22640145333723,3,63.15443786761603,54.29404444893278,12.93806169667009,37.5821219007941,9.914611227762393,Fully Paid,44.68741952004389,77.79849715709368,1882.118975566575
22.047048099936983,16,Bachelor's,2,71.04218150124117,41.89236247929187,Married,Owned,2,66.6407304694919,58,10,96.58366688075836,1,64.80303180552141,,71.75613826485358,77.68213672402811,7,61.44994602551925,89.24690939520117,7.862671098975804,33.09147657801952,24.828747963084595,Defaulted,38.93897796668735,73.26126992403988,1982.172682040208
68.47251638810046,21,Bachelor's,28,41.112727825937924,23.43250656505268,Divorced,Owned,0,34.15703870315679,0,18,82.54398957486288,6,15.966634936715074,79.00832499714377,61.629074835414464,4.486055762771701,2,30.891772284376607,36.872515547084596,76.97314182968802,81.09351926726106,40.03566268398306,Defaulted,40.64627179520722,77.18360352301099,1789.1315529458818
48.38772645642591,39,Bachelor's,8,93.64933313102257,82.55348415204156,Single,Owned,0,,95,4,,5,57.579247112230966,64.51500833009034,,96.03667746221302,4,14.306195272340238,1.401451752605698,56.685843329409465,93.22668839209723,66.59471660804643,Fully Paid,,54.20152984797261,1914.6700862476546
45.95629775055219,49,Bachelor's,23,50.322041485863444,76.51488498612639,Single,Other,0,17.238636210516624,61,15,96.23380574812069,3,7.289845187165501,62.68329044150672,25.31989070128102,80.36934518773025,1,97.89473558546618,50.186953102450374,45.495687972773716,75.34756054464806,13.247065634192657,Defaulted,54.624760013085094,8.947312281038721,1882.118975566575
41.798408550691356,35,Bachelor's,9,9.072088274783086,26.26954770019353,Single,Mortgaged,7,10.116561961310321,35,28,23.36904488253636,7,23.568253457588494,71.36602831121537,87.36780345607488,12.680179912676003,6,59.35752544142979,12.711049086702397,42.7541855359712,16.08602934850979,,No Mortgage,10.579652027279895,50.613985269464436,1772.1271543453197
81.46250560259172,43,Bachelor's,5,53.56889704560298,39.419049459990795,Single,Mortgaged,7,49.03124894098283,83,40,33.3299859870525,1,57.277250973710906,23.833721062799697,79.39550847155907,48.648276573242285,3,10.68209929639906,23.884516040360694,94.92811717559837,30.50996868195266,16.885928936703532,Fully Paid,30.70877433602487,3.5159250271194153,1894.2714209536255
32.314521727941724,4,Bachelor's,35,44.73027562526006,96.55179182347663,Married,Rented,0,45.776461270413414,20,20,2.1149823349416286,1,77.58650652027869,33.873295577443145,56.37371014453995,20.49792328259108,4,5.227910326875962,,19.819638642166815,87.43980317083307,35.25292413005173,No Mortgage,31.922529778618845,90.59116712346476,1768.366256592953
12.663712551837436,17,Bachelor's,8,19.598018470176193,94.37663822120143,Single,Rented,4,54.48246756734317,70,15,98.91253191087334,2,67.20595026617355,5.202375502944689,11.36460386967194,0.3918374951093262,9,80.22736971474778,78.67230147335408,50.97260752881797,,15.126428446267592,No Mortgage,37.597122192913915,75.6310096980294,1734.3293796848304
53.96617889031524,7,Bachelor's,10,41.049871369737936,93.31929170490183,Single,Owned,6,36.16660831950428,87,28,,3,48.73748079212449,62.50915526865286,94.61868939912613,57.97714417624796,4,5.032293293466394,6.290747601802393,18.734679132678888,3.247077169174828,74.33528955700123,No Mortgage,13.605623443164294,83.60789007952809,1773.39844977304
15.478603484611197,0,Bachelor's,37,25.466376588996187,48.8950926438452,Single,Other,5,14.218137638735161,62,5,83.64397373761233,3,52.70076245815337,,17.081370630621073,19.769030311448756,1,59.34964158218514,21.011777594021453,11.633172713326124,97.01168864184322,2.1981814809622913,No Mortgage,78.8035149575022,29.7214113845096,1527.1021832971076
13.56266160073134,14,Bachelor's,19,,93.74811723991047,Married,Owned,0,84.21937308731145,7,20,40.2526355490142,2,65.02550710936616,9.041897779166074,94.78565672536607,25.85572636402459,3,40.2260413683542,5.122429640431325,49.65154222306049,12.331849107529225,40.097032668835176,Defaulted,,80.3170511632731,1713.5284004485122
15.3412882389088,36,Bachelor's,5,79.84535050511906,70.72283283354233,Single,Mortgaged,2,62.820659709304394,98,28,39.023854958399504,1,,55.40992803958261,17.44984863979552,37.87033555811593,4,,65.07243843338003,86.68214856884892,89.39730574625047,91.97925717794362,Paying Mortgage,54.41260019631009,74.05095212183186,1960.1613462490766
75.69268451270138,10,Bachelor's,34,72.01113335149458,8.613577154903629,Single,Owned,1,1.8081092205685434,54,11,66.34903451287101,3,21.546290727573002,12.048182243846794,85.15371718979256,15.661281489264988,7,84.2538229398637,50.08766058895991,98.14214249220252,9.737672910800422,30.306576117510165,No Mortgage,35.00068684731787,92.83725519807918,1922.3320018748877
6.562608817781756,4,Bachelor's,20,25.566622333181442,36.45664275198644,Single,Other,2,56.26554229027424,71,20,56.88127364338729,6,43.211623680192936,96.65907702233167,45.221510010171805,14.278563666788468,8,95.17024063905372,31.97208493398542,86.80981598670628,88.12506816818897,35.01865243319611,No Mortgage,72.45579091588182,31.1512299013986,1881.4479761429636
78.29236142575724,44,Bachelor's,32,38.23633310616279,44.31273453229145,Single,Mortgaged,4,80.87994445011508,52,17,26.9439446303655,3,93.34131270234548,72.35345733310886,57.71866762233089,64.7720054420612,2,61.81029655616969,50.95088732242019,,35.94238268308171,8.14738977129419,Defaulted,95.07447132126717,40.8699562270934,1820.3529722498017
46.66831558308642,5,PhD,26,53.80946641211113,50.87059842162667,Single,Rented,0,18.993474366102003,28,48,,1,82.45170697999292,41.77085669729759,7.308509102615024,,8,59.62585752327021,70.97370848010203,0.7357829625414536,51.820573218252086,3.7528657531803122,Paying Mortgage,,,1712.6792657891863
54.055267538892416,45,Bachelor's,22,6.489927953840946,46.57255776674975,Single,Other,5,58.2144802814742,16,0,83.0202884345762,2,33.836786592521584,93.55230227588572,91.22075712491822,20.934839938409876,9,74.13087083507622,82.76102613491533,96.78645659513553,88.98363940883107,60.053476820641485,Paying Mortgage,2.784105126258629,24.665644684477783,2069.6585167981643
45.96147517329264,12,Bachelor's,29,27.976693088704085,56.49526076524732,Single,Mortgaged,3,69.3400853429044,27,49,32.95304137739967,4,85.6950129869388,,88.24411913475817,20.351110833188645,7,5.976227417838443,88.85992804371524,32.90737794607279,31.458763341406648,51.20885766986639,Fully Paid,4.778136468140537,35.22309750707453,1984.65364569799
85.65719886833357,39,Bachelor's,42,38.55525014916693,91.54162014667034,Single,Other,3,46.527753127592334,26,43,15.690262414612011,6,76.68488978177731,26.828720042777267,59.08045335179158,72.1449157109572,4,88.16353491754107,51.51922261382137,77.46526197930176,56.2144753827585,55.27038900455401,No Mortgage,,52.95336150224574,2017.3448202894087
26.886154497900662,2,Bachelor's,3,59.52768411040545,53.91937941273144,Single,Owned,6,55.16879678064617,99,43,32.02987424967425,2,19.124212907612137,61.542891503292665,40.57144241809477,4.108236495555529,4,26.52285225026746,68.60911539434869,94.87904976919181,26.804718737863777,81.14659391516817,Fully Paid,53.81210100398132,7.055006370989458,1765.04850480077
93.40329911306394,26,Bachelor's,37,64.75197955701631,96.89443971742911,Single,Owned,3,11.706441298186265,12,9,,6,1.0046981054831594,19.484049165536412,49.13304319121309,95.05035615891349,8,42.43720260536347,71.46960890066222,60.3792757286118,29.892615009833325,41.08163955674278,Fully Paid,96.60214591302085,13.063438155735973,2123.379447409425
37.18367845664194,2,Bachelor's,33,20.117523228887947,8.00634025289656,Single,Mortgaged,0,80.76258695629751,91,35,68.3175563239818,5,78.28486179866574,84.55108108405605,79.90821457719545,50.847903530802604,3,84.53299756887267,,98.07611743888516,15.569259775593292,22.566458305205504,Paying Mortgage,79.25397676213368,18.690729645011817,1783.1381435661774
6.665982982330609,49,Bachelor's,38,,84.16154597578152,Single,Rented,4,0.9098181280775997,25,16,88.8272196511506,5,60.697311627426544,18.849985279556115,80.49668338816853,96.73281113534698,6,49.48259516005463,8.61161105063738,55.91366564629684,50.27834418466806,14.44364841550776,No Mortgage,33.410465208656326,52.18308753051893,1904.8883236358156
58.565433542879916,0,PhD,26,36.62863862065222,5.2935935568818255,Single,Owned,0,32.35246137370379,57,48,35.619394346137945,5,56.01159830093484,38.64625643279352,42.02496018075419,56.21108826232295,0,,88.12580677630116,7.787898909129076,70.68035962105051,92.00381641090526,Defaulted,37.04914370595142,56.892140584471626,1841.3991873585753
88.17089696385847,44,Bachelor's,8,66.91541555348508,41.03037218726621,Single,Mortgaged,3,79.05136075336478,30,38,85.43995133256801,2,27.231539718108277,11.750184021237331,25.19982216440717,92.07564510547337,8,53.34802087447829,59.63935996924615,36.60282657465152,80.71070203195127,52.32862493002498,No Mortgage,12.906512482906296,53.685914650261836,1876.1861891255498
93.65702180708392,30,Bachelor's,31,24.781244290690687,3.6340748316242455,Married,Mortgaged,3,37.12709205053938,72,11,40.636640527746145,0,54.08270639715397,81.83606413952167,17.16781950432169,80.78314518266222,9,55.58708141989593,,41.20177389516564,13.839758596812457,66.57652402653673,No Mortgage,63.93748005427755,33.799878102849,1953.4329228582676
90.6866577339836,8,Bachelor's,5,75.63560547436343,79.41345617322723,Married,Mortgaged,2,41.05986972382666,89,18,85.89805471222202,0,86.49949762077763,32.061990655022676,17.833151242821632,23.936983634204633,1,25.119200460446724,32.0567586016499,13.497848607164208,29.617676555899852,57.22838145420012,No Mortgage,34.67187612359112,,1882.118975566575
89.3509971393318,25,Bachelor's,29,15.19801824740512,13.031798809129091,Single,Mortgaged,0,6.325340889867959,85,13,25.320116336997668,7,52.75796224253504,65.54359784406613,23.31875544216163,86.44029871943977,0,69.41316539762369,1.612464637221489,37.26571298941472,35.17098179588083,54.348442858301446,Defaulted,79.01313737261083,21.778080176756852,1752.811481750445
67.70378148820102,30,Bachelor's,5,66.18603122150056,35.55297971520076,Single,Mortgaged,1,74.53977391415395,30,45,81.79634943491536,2,54.50834128598901,66.14662053236519,90.32736222389141,9.85468514129424,3,70.89000062515825,82.37444619122996,85.70290283305779,41.51071768549326,8.933990229186684,No Mortgage,23.07345902070538,29.11964549966242,2047.0938581995902
77.22675568375058,7,Bachelor's,42,59.60639311005951,8.9652231235679,Single,Mortgaged,0,80.72616493262504,22,43,34.45965957269718,0,56.31643884539549,94.37741203448161,0.3830290500322575,23.812484325399875,3,17.108596685716204,11.324345163981986,57.01872157998045,86.18438232948299,47.71098176939261,Defaulted,67.91716995379929,7.407490721044773,1750.8977654168355
99.28321316819753,40,Bachelor's,10,30.43075918208643,8.645750712015232,Single,Mortgaged,3,57.231518563007654,28,48,15.97494602339442,0,28.51865960100478,79.28400452735272,,97.50871697076813,3,88.12975456140917,32.82550892773371,11.28405445168844,87.00249255201656,63.61056346436186,No Mortgage,42.98312575130026,28.725769487706764,1796.5716557763126
73.6794568710197,45,Bachelor's,5,35.50152661362467,48.19001671099774,Single,Owned,0,87.47470734889747,80,35,55.05453006199955,2,30.350390914795224,39.84787621092144,31.69130138185443,46.738733544792545,8,96.16114422544469,31.284462800566814,9.804453811093982,52.68171660504134,5.7099078445176366,Defaulted,21.93893891962463,46.43502498821417,1843.4880057075177
43.32509323090279,29,Bachelor's,42,33.37042075756299,31.64687840614986,Single,Mortgaged,1,79.5544391926648,13,23,93.25039530973825,5,70.97850502239726,48.22252303373266,52.032362619138574,97.52445352839587,9,21.526904578583427,81.11045663053181,,21.35374778839514,67.60930341645768,No Mortgage,93.15444071065203,8.900973489600883,1975.9032982541714
51.152564080949304,41,PhD,15,36.663770009645646,61.912140004669624,Single,Mortgaged,3,16.695017903446917,8,40,19.362380979546078,1,44.8851365652003,59.901104421356756,7.173534374742497,22.675861740051594,3,90.84101072685695,78.12906474056922,1.9401245618215435,32.70067684961021,62.79587353429078,No Mortgage,90.95866950537773,63.38894618324419,1882.118975566575
7.19067173164456,40,Bachelor's,7,,30.336428221417044,Single,Rented,1,95.79793532488907,8,12,34.022299445125704,5,43.467814831647026,19.28396089422456,19.110562269114496,76.87641807211604,6,76.7233394159223,20.58873107665994,32.16863687013094,46.54869724396994,94.31958496934507,Paying Mortgage,20.68718754222878,35.82190412430728,1797.8607537712155
14.939938845377231,0,Bachelor's,0,93.00053777910726,38.35673910072921,Single,Rented,0,0.3656311344649277,42,22,19.957161589593873,3,64.33697250697605,26.251029048316564,5.234717843131309,23.097931052806363,0,85.14891816465466,,41.607067040868614,97.78536935017817,20.05646595880699,Fully Paid,29.186717703639975,17.275731828108732,1594.8332238482913
37.93655982041866,41,Bachelor's,41,93.44107945712148,4.846423247582232,Single,Mortgaged,5,3.9557506562613143,64,19,63.813990251626926,0,9.352012359790951,42.71124464193341,12.875443736805547,94.76236585206671,7,31.725917435686757,76.63040711189001,49.79485925822639,31.003402401245005,81.19677423908017,Defaulted,,4.6964422407667294,1945.724503453063
56.632288016653206,26,Bachelor's,22,88.24951050681365,2.0121721853074037,Single,Other,4,0.7096532494887176,35,4,67.73006863356595,6,95.59800588260723,53.13399532366091,39.97195509744276,95.37036264917079,4,29.81503562765556,12.646424540357115,84.25545014651813,36.21816027941516,66.04697213644312,Defaulted,19.892977979503833,60.16866086204651,1954.564614544778
6.068306895068232,41,Bachelor's,43,74.86721752509908,82.79249545453125,Single,Owned,3,53.66075092637743,83,34,30.32081937596749,2,47.070594731593744,,3.1068130244456316,94.69028994605169,4,23.99489037236313,8.337905376875954,92.85077519437786,57.9737114939772,66.70368571253539,Defaulted,34.56201689007895,62.15073111380841,1865.304130018094
3.879945472888746,0,Bachelor's,31,35.06426914571469,37.681062777421246,Single,Owned,0,20.823180860821445,80,27,19.152132205014816,2,86.56450363727319,24.134970383749987,7.853624279279869,35.64047358496647,4,55.06905446947946,81.67933695743474,95.9592147609234,,60.38030788437534,Paying Mortgage,4.006908634826667,98.43219788140412,1728.0497123566106
38.348112257504255,15,Bachelor's,28,58.57782709310476,58.67679078445912,Single,Owned,3,44.86325916177341,66,28,39.480728287825606,0,15.061095306851913,93.26481005424786,38.305880642100355,,2,20.5187142904807,48.7082544323578,87.82524677323465,52.72551499506771,92.98704822938791,No Mortgage,49.044909673594994,11.974678850053188,1977.2587901954805
80.26562441522198,24,Bachelor's,1,94.33101118741497,52.023048910309,Married,Rented,5,60.09571949974972,49,15,18.29229259620847,4,43.243716671650304,62.317242453218725,7.442841843851566,50.36917612374447,8,57.397517503174186,63.74046122611835,55.67092565528539,73.82955104783076,33.56092442409013,Paying Mortgage,43.27670817081937,,1922.7358365514601
64.81021272610714,1,Bachelor's,16,30.984711675327993,8.579428489948949,Single,Owned,4,12.710261377074039,59,33,4.366092871300853,7,88.97489902953801,0.9165550183816484,20.13991027938874,95.90241759729659,1,26.167136663750647,6.699109439584761,2.8191340447222157,,88.14858195889104,Fully Paid,72.0333369165993,91.82850353799577,1731.8299721014391
40.80404616028166,19,Bachelor's,0,80.43744141377006,6.582984336315379,Married,Mortgaged,2,12.248141685029722,87,41,48.19949177328671,7,27.814364044891082,32.45066491689473,94.51224487448869,28.266736054115903,6,67.13044235642798,16.21833724078774,48.64423871418745,73.85390394759077,86.6855213027066,Defaulted,66.90535153169479,12.628347258456895,1942.1125163012991
94.57764972463471,13,Bachelor's,26,93.35931437012516,71.99595393694796,Married,Rented,4,61.78131945892864,10,46,89.0220670554556,3,82.2760243032332,51.832392303982346,46.18064815620186,31.44341058114054,8,72.98891177035978,41.09329049627583,62.92191930082921,69.93129211553037,71.11218170152858,Paying Mortgage,85.97478056850669,45.82533147650479,2083.1932439396523
26.241608169621443,24,Bachelor's,43,,74.97257467835433,Married,Owned,3,77.0437802792337,50,23,40.95609272625092,6,77.12248152904037,22.810037790238514,92.22233181548602,59.25681827648268,7,50.19355807808606,60.50712534377437,55.98905318457854,48.64050355361782,50.49328040894001,Fully Paid,81.27329043046794,54.176031994101535,1935.7333941421105
13.107986170470308,26,Bachelor's,4,36.901773241117276,13.551687356075403,Single,Other,5,18.357962735514597,40,38,79.4662892397889,5,17.07682600033369,26.72098954860741,50.9113385187522,14.745391742613489,1,56.57473065511459,71.47023163822577,93.77046153793677,91.22545611011557,94.60756180688314,No Mortgage,13.156530663935461,30.22767004964485,1894.4516274734028
89.50851727663147,47,Bachelor's,11,,42.3358027350786,Married,Owned,4,54.387792116111754,47,11,86.88010958178202,2,43.40488684781807,81.9427853670365,90.55821375731323,11.975996643219721,3,28.451195974244413,4.706119787694741,66.85466951139854,86.27707774592255,16.290265447739404,Paying Mortgage,85.33957335369416,91.43404426664836,2056.281363475026
26.528508908605243,40,Bachelor's,10,5.050747083228213,4.388108836874361,Single,Owned,1,19.04134960249102,0,30,7.924960612992882,3,38.62363952990896,48.48587397161036,35.49951158139418,32.071216498429386,6,64.15796812433942,2.343295536738821,43.01759084443132,87.50086997439702,30.145618641066797,Paying Mortgage,75.83847715899178,60.60138319360813,1450.42074642681
57.03125078265039,5,Master's,17,20.782384145883583,50.40700797484243,Single,Owned,6,84.24641068355751,7,10,49.27813458649557,0,97.8265463529474,15.852023402740944,48.746783546397396,36.41210568415054,3,12.90364088894249,43.03164280423909,27.470503280714365,88.77515246716881,4.058571213469508,Defaulted,83.29941385530005,29.757071644081545,1614.9766111156532
78.92906546771047,3,Bachelor's,7,30.328102606544526,,Married,Other,3,65.49071231478591,94,24,53.20868239380113,0,70.28664440501014,6.801023195242051,19.378913002335484,21.456482009284983,3,18.913869632674007,57.349176389097664,21.52438205009537,86.16249500839784,94.21854544896385,No Mortgage,35.23088842091783,,1894.3078669916597
4.978100152304377,26,Bachelor's,8,94.40412782809274,39.62772624917006,Married,Mortgaged,3,26.777431460411748,47,20,94.06399991861139,0,4.2200468581298445,49.62951255006397,54.446133214916856,16.844055113191526,6,98.49291084414916,94.57747170084609,19.71060388236522,87.53632399007607,70.44936364116847,Paying Mortgage,54.0610994324729,,2063.142760986186
48.01349396383732,0,Bachelor's,12,18.907765377834885,90.09077302669907,Single,Other,3,60.41739381725918,7,2,40.2785534046495,2,8.92221680572386,43.09830628472584,17.4786715045158,98.71000859241165,9,68.74368609408673,32.541828068260784,9.473891477934416,97.58708627835367,28.62590353831832,Fully Paid,64.9863921702575,2.4697297686111286,1728.4211238702417
81.0259130517287,3,Bachelor's,6,16.249841547444145,89.50338588534369,Single,Mortgaged,6,69.06153123866363,40,36,21.68142759291083,2,97.06680277938705,17.571524583682585,59.71166200155034,42.41850557459762,4,25.41472801278144,82.5134875661419,48.52556041472411,54.34058521982641,30.476091279732575,Fully Paid,8.591038820282048,71.41191409249159,1671.1599528425074
19.623428168785562,0,Bachelor's,41,46.91774960927717,36.77085081275432,Single,Other,2,66.57844014688709,46,19,21.037208152983577,2,89.67465499077446,21.07066650749062,22.75338769364633,27.96014326451318,2,63.92628831813628,7.514295317758657,13.420242632635027,64.47567265900929,33.96606204814427,Defaulted,55.742474467014205,25.602117306151307,1322.1907857300857
65.08279504893281,11,Bachelor's,43,26.787358281744076,60.40049977395001,Single,Owned,4,40.470587432917014,25,47,36.72777012807092,3,36.82954676557095,37.34445911454355,38.35345124339769,83.66202103676581,5,61.416885031889265,33.41430223838622,81.79041768324394,3.8363861355701134,87.07971723381132,Defaulted,39.82502348634128,49.71672807176857,2025.9215594956738
66.7415530533831,1,Bachelor's,44,34.296651970007815,,Single,Rented,0,67.86600938268971,96,9,80.74779356519089,2,39.72912929459057,33.68477014471527,56.94823881365918,,7,7.257479804471078,85.03177081575988,21.285008603835742,66.87532544498137,54.28781323608052,Defaulted,12.508890983640352,12.978296572261128,1917.0569985002548
55.681836027830755,44,Bachelor's,32,60.66893231978858,93.0448600545031,Single,Owned,2,11.285814471276224,82,28,23.921108803421877,6,5.638185385323158,,50.58092225923298,56.03486743503234,2,35.48457234306582,61.26843446746072,,54.76161006537471,64.04832931422122,Fully Paid,8.464875358462898,11.927167203974342,1966.4334646435295
,0,Bachelor's,25,78.90406042020471,35.09756239260914,Single,Other,3,6.121665814357202,98,16,4.6684819899273755,5,25.25860066847242,82.96438053529283,70.39366670345154,94.56735370508046,0,66.19698394506341,46.48547808132707,63.05886973085435,44.95989060077373,18.863224642407484,Defaulted,52.85842014374423,81.0603848260161,1965.649010500659
73.55207057935812,16,Bachelor's,27,50.03051563545148,89.40995361061593,Single,Rented,2,3.769739042267062,54,14,74.63138125690769,0,16.859904843403683,58.07968298534757,71.43875620372924,91.66431026939162,0,67.1779270254866,39.43411463506643,0.12844255268014138,12.015925873562194,53.455454475603915,No Mortgage,41.74482838964625,73.06790115283903,1845.620906919738
52.186229533217876,7,Bachelor's,38,72.49127466244396,89.4761987012495,Single,Other,4,1.177987628664201,28,48,17.66823141763052,2,90.40349864545593,32.01811674284386,67.02539760443592,18.79035887984165,2,33.64503518175101,21.12082585879517,31.318205070363515,17.884106850779936,90.19161078378828,No Mortgage,24.527930497436735,44.840784101593286,1819.4514169863398
32.053616680649554,24,Bachelor's,5,86.10333999722404,56.58630735596195,Single,Mortgaged,3,65.06065232521034,44,40,75.0669014281655,0,60.32221356579637,32.55811325190115,98.35972997387742,66.7351163050396,9,32.662190574800874,62.33144337590575,5.63332777992398,2.3884191319142767,45.002423952780255,Paying Mortgage,43.82986080331659,26.269330988000515,2015.773056142732
16.47177469429809,18,Bachelor's,20,31.958942625999832,59.18079076633259,Single,Other,7,81.23173327141188,75,21,66.93854236698692,7,64.22781635071149,3.836155478797465,62.14644226567846,77.78777055368772,0,35.75133284272369,27.742673480097913,64.28020501620824,69.28011986299087,87.09675998625426,Fully Paid,76.97723073855856,56.135582418933794,1862.8609537925781
88.28364906780791,2,Bachelor's,12,,96.4690478828461,Single,Mortgaged,5,52.98756255182061,48,9,76.80893784186665,2,31.1703321492812,30.623924522840042,83.78413809055185,7.235725774132662,8,25.66616898959144,59.298474775549394,93.59941790017777,67.81225015366465,41.44298124670366,Paying Mortgage,34.39796363163702,27.725841634918613,1997.6006484638094
99.66832779346797,25,Bachelor's,35,4.916082915504816,3.105687603515561,Single,Owned,3,84.07850719391146,36,23,,7,95.41316415710726,22.325540106936092,92.23077754835847,42.58931550366818,8,55.40583834602108,93.08328641758075,0.5348988694222845,74.82388061809002,90.30506531025154,Fully Paid,9.612585173215148,42.457260718595556,1910.7688559086305
93.36789061329351,4,Bachelor's,14,0.07895110932187865,81.01400907454612,Married,Other,3,20.865191315843102,7,10,16.393172095320274,1,30.12312947939082,46.33910088046462,59.94305420276217,17.12734106662396,4,30.264034063681457,66.23718599127535,15.828305069937365,68.81176592063503,12.818807281046174,Defaulted,24.72060737388768,,1704.8029628960699
26.203500450687457,38,Bachelor's,19,61.38459450077243,8.771764171996432,Married,Other,1,62.47006694066079,37,10,71.9022820433601,2,70.87656323456545,24.894352479687278,32.443822863506625,,2,34.10478728306236,80.33045735180335,89.72984957497385,51.821831563592745,45.55016952192202,Defaulted,87.92043375853827,1.3010213425872719,1693.9912314425305
94.47500802102118,48,Bachelor's,2,2.4390993110096737,58.14248948690871,Married,Rented,2,65.22640059437703,0,43,16.45253723928124,7,26.347344569384823,3.782013655203531,12.305212359032492,98.63499229441621,9,11.530109033904933,10.699126117462331,71.94599676699718,85.45686640326409,25.695229950846986,Fully Paid,22.30900184453558,5.651569079675733,1494.0175920566116
10.339493663004152,43,Bachelor's,6,25.349375325719038,94.05373011029477,Single,Mortgaged,3,38.114688203473555,72,45,85.67299465058974,6,33.59461533789339,56.06944813756801,9.505653683256444,20.0469047766359,1,20.620271590177886,87.65604907887176,15.828625605909806,45.566082155309196,60.56992404598757,Paying Mortgage,38.306936972650675,86.90990687247286,1927.7681802631507
56.831915107792554,43,Bachelor's,1,82.07358408157303,61.45410182213155,Married,Mortgaged,3,1.363984583588107,69,29,29.575283462032942,1,42.111890443408164,41.05227843514279,23.134871320015048,13.637110502945838,9,5.53323871633461,19.813074182357703,0.9200897625379456,62.72584006359783,31.637540738768287,Paying Mortgage,,34.58285703095939,1545.805577703741
35.78411586415332,0,Master's,3,94.01798347292414,89.20743510936207,Single,Rented,1,38.7050011934887,4,5,,6,88.7817640335819,10.466063390789627,82.26479271938894,21.004733729206958,9,31.66024348274129,40.0155272865399,15.049549807258556,50.357007440355495,80.16425898313673,No Mortgage,49.061357589819906,,1765.1717509581283
70.60581146380308,49,Bachelor's,43,57.702040169055834,22.11476101106934,Single,Owned,4,,79,39,49.221618328746686,0,41.291118958921324,53.74937536732345,4.929966240916994,0.23474738674531537,4,68.05830929187672,12.126489335913671,11.376195880454942,41.096060803590326,64.78370386082265,Defaulted,17.84506740983748,7.958814737204245,1882.118975566575
94.03970339455442,26,Master's,41,77.25225917625444,16.88336066525701,Single,Mortgaged,3,33.720203516895275,12,0,58.52608755098465,3,47.53590676808685,36.35144573692667,64.10060573207012,90.12592077965633,6,38.14088099031234,14.08686039508613,62.4943770407832,,93.19127325974559,No Mortgage,95.02112058654302,6.32626718206748,2067.906538843525
60.30138633645882,5,Master's,7,66.93483507627961,83.15739259104525,Single,Owned,3,31.49332274589325,46,9,3.0970603422510123,3,3.2799874276896013,42.0335389195499,89.51000290662444,98.26524114935692,3,16.16376937845918,90.58493899993057,51.62478232000605,15.374931210291809,92.17266694516614,No Mortgage,73.17052727231516,70.91807037944046,1978.383288530998
20.03398210964423,21,Bachelor's,21,43.86716968030488,78.20018255939414,Single,Mortgaged,3,83.86217961980567,22,27,31.484115540873535,3,27.315962036994513,20.951922431253212,45.532874980860214,90.84375478722649,0,72.02679239473956,68.72830044131277,9.575419866335766,92.25724049058,56.84722021568196,No Mortgage,75.65385834953067,25.736545840163405,1770.9972528734509
69.35098370463204,3,Master's,44,63.66929143579417,22.123781980668365,Single,Mortgaged,7,61.77269240617943,89,49,84.18087090288189,0,41.050482134835654,23.008449185747505,40.6082132559771,82.62173757752201,2,52.44363458577494,80.60967479607474,35.34774751283788,64.22096370026973,24.56315740488145,Defaulted,79.43842250928563,9.896862340870683,2049.878427030216
27.13813950795846,35,Bachelor's,7,97.97343347738597,26.82760204535567,Married,Other,5,10.07528439595763,3,37,13.865252911330373,4,17.567229796858452,96.02663584920666,69.3169360253846,80.13715354636368,9,33.631272750495555,23.448400678316993,48.0648028312409,55.18287335341685,63.17748436527554,Fully Paid,94.86540809029907,16.975849820713584,1808.076905184974
,1,Bachelor's,33,44.91234139302508,57.0664578980789,Single,Mortgaged,1,68.58762750864646,24,10,58.51947853928539,4,48.605754190268094,31.378214330572874,14.18443976169852,21.380121066273283,0,68.30695751901241,,95.06063715798729,72.96784136472412,5.204583875613144,No Mortgage,86.26751629457257,44.332032077269865,1857.9492084932149
58.586305052792156,47,Bachelor's,0,8.303875781018643,19.105186870868284,Single,Rented,1,98.82621151431869,4,48,60.43807190828081,3,49.48284566214202,74.23102455337244,77.04117870686437,49.9618411998762,0,,66.33626109564929,40.82375193462987,28.04632242046524,73.11029830035622,No Mortgage,,52.98338889620703,2005.6120388395645
28.998739264414187,12,Bachelor's,20,28.329652799770223,0.024293443451273156,Single,Mortgaged,3,23.360903203623685,60,47,37.36056595340591,4,,39.6247346816406,96.38176611881805,53.89808744501205,8,12.027096312860685,,64.48560434297268,37.39387136037746,95.09413518658343,Fully Paid,30.37238516318258,92.10694862995814,1954.9402725042382
32.09354383194404,25,PhD,37,10.314676087836105,94.30207096457362,Married,Rented,7,38.495872263755714,78,46,12.665587284719393,2,48.09416080843035,37.63118169549976,36.3189123716225,5.226866756159653,8,43.62144171200454,19.479380264392677,81.60335023020684,80.25607481516279,48.63916280888938,Fully Paid,63.80927257964524,,1765.8526836469966
23.600793032371204,0,PhD,9,0.6788174023589777,15.294318647542616,Single,Owned,4,14.926801266924727,93,2,36.48180963078569,7,39.499027054903245,,20.728252254973555,37.77968239094115,1,67.73039592981411,28.958270467072712,57.71997464225615,6.589216503197271,19.128915669651438,Paying Mortgage,93.69492539086954,37.72519857156954,1494.84314597495
66.4074121199834,25,Bachelor's,5,30.541349854275136,15.766102679690796,Single,Owned,3,55.78101257354344,50,6,31.336769445727818,5,73.34018493349058,,19.25816324585279,9.761876053514895,9,34.989546364739866,55.13173906628141,35.95431445200035,12.58023363460513,58.933164494772804,Paying Mortgage,20.299355919119723,,1502.3512327602045
79.69475040156459,9,Bachelor's,9,70.27382992895869,79.27034057807514,Single,Owned,7,67.73418460815164,41,33,66.94120642536434,5,59.08719229742585,91.32059618141723,79.78023722086077,92.14577362165303,7,1.0670127006162766,62.27412763774775,41.283939775890644,85.98544903351217,25.181470200913168,Fully Paid,61.370796954374725,79.35374022288309,2143.145497708883
8.559955282276832,18,Bachelor's,2,81.68779858937827,,Married,Mortgaged,5,69.60314069891137,10,6,58.89360225625479,4,,50.97355100039371,42.244579003087914,39.808717823623084,2,33.55572016966571,97.60201575244942,87.35555762270889,32.93780670342177,58.77954050663722,Paying Mortgage,44.12743367500687,1.795786375015096,1657.1526295018966
7.451046181864007,1,Master's,24,7.091619143856953,18.936087579186278,Single,Owned,5,64.44231696298166,82,28,25.903514410334715,6,21.48546064249981,4.033016105151299,20.113654259037727,17.86288767542995,3,41.84494971754581,50.853889149770794,47.675387550832816,27.067460596528935,2.9170668574074465,Paying Mortgage,39.57448298473544,,1635.7389106101746
86.69410428305123,24,Bachelor's,4,13.093125212677748,69.62214361212725,Single,Owned,6,82.53084024229824,90,36,46.4582764439246,2,61.94450738181533,80.30756423377449,43.180510078591205,78.580848424435,6,94.09657878427939,48.637210082514756,46.261927193372955,78.50718615635127,82.15776917608379,Defaulted,17.97978134950754,46.77582309575795,2250.37741688595
96.80725029096784,25,Bachelor's,3,46.78594626341599,64.66211336575553,Single,Mortgaged,3,54.84009367419117,31,28,53.08590342884758,5,15.853615849992353,81.26930433757823,13.260399074681107,23.339626945812697,5,51.71208881133305,76.36104796141586,44.73324266661878,78.98646210355388,61.834630704545745,Defaulted,15.633143839283859,43.70337254497708,1663.1949943206648
39.68893930890396,24,Bachelor's,38,17.076028345038562,22.683710232549515,Single,Rented,3,17.067743530223368,85,25,49.15142258318266,2,33.32417405507277,59.50463449237612,9.019570020024437,60.601500247944315,8,95.92354353238221,71.56626520723114,78.81597881357064,70.41043607716368,58.97290360764658,Paying Mortgage,85.83733797610624,95.6835667543063,2036.8167489497773
49.90361729040813,43,Bachelor's,8,45.44827329553567,20.928776153011984,Married,Owned,2,37.99599522597526,98,35,45.21829393601079,5,4.795773243698765,77.54095145924947,57.06831750719786,76.0704806043895,4,57.18287711826909,25.364247434137553,,1.1526014052985256,13.034072356907188,Defaulted,11.687876059093904,98.58584404109375,1566.1643694272316
30.863264852395066,13,PhD,13,6.404352386478851,,Single,Mortgaged,5,2.213445102949707,41,27,20.683711061660848,1,41.62170310323145,17.9659289029912,68.91090814868241,56.507228303669365,5,11.74758988764929,78.56666019444562,67.3516786817259,11.501093682809781,69.48207298717207,No Mortgage,94.49847855558431,14.161135061789931,1723.1512415876377
64.2833390815738,38,Bachelor's,32,96.21859094918001,90.1485851100749,Single,Owned,3,25.266300217128233,52,29,1.526483964602976,6,28.193688434175847,44.35997013181871,17.110247841340186,87.32543566916726,0,8.520047755966198,65.00924511399315,65.36564764056205,95.62211736436277,0.30208713561612477,Paying Mortgage,,93.21339153982831,1919.8374591223953
72.05864193706374,26,Bachelor's,6,23.15829912889994,18.121804361361725,Single,Rented,6,93.8578239586033,97,48,55.561715468240294,1,31.610488794089562,42.44928326765351,30.932422435822293,28.063557987651578,7,15.336482741574564,73.33279087168623,0.041028943917487126,59.61826694023769,91.59430039540524,Paying Mortgage,18.55259752577192,65.1679794878427,1802.8519547745877
71.26014072983932,18,Bachelor's,25,95.59187999620443,92.32995082699294,Married,Mortgaged,5,42.43890180725104,42,3,2.2504327428686466,4,78.13562183952003,68.00460563742699,63.5156988863935,90.95554284372025,1,55.70475861922341,78.73488484097071,54.13353827012672,32.389555258037916,13.625056509197787,Paying Mortgage,,87.81151969857014,2042.3901327017795
58.58521224331683,17,Bachelor's,20,39.80548406789377,51.363338392865096,Single,Mortgaged,6,9.569011605800116,9,14,41.31944788027977,0,67.95518365726839,6.709373262987873,59.37057829514346,77.20317859723548,2,17.05303893937753,89.74190500781737,65.61460918474422,88.18548008206828,,Fully Paid,91.90382770286712,,2150.0541529650172
44.8160873369002,27,Bachelor's,38,28.686687498279394,26.857960433296657,Married,Other,3,17.28200514564523,6,26,76.84210711172422,0,22.152715190236705,46.354783925892185,47.03240479372064,87.35753057597341,6,51.30772183680499,67.07472004717734,84.73550539093668,0.9538954025544943,40.28900310500486,Defaulted,74.03130308439513,54.284137433407466,1877.4861573936714
52.964452703513345,34,Bachelor's,20,41.83630384287931,71.4153146392174,Single,Other,5,40.80200912850811,24,14,87.74892417314881,1,91.101569997922,99.31637389334784,10.609204994795206,23.305318798485864,5,95.83276864813868,9.77072753867585,1.499850037713668,16.110002325642224,99.60127833822483,Fully Paid,50.254760672202316,84.8417726430511,1911.793266181472
2.040161068820634,10,Bachelor's,41,28.346114926407918,,Single,Rented,3,40.92495737853973,80,30,45.70239521926255,4,,82.71581484276234,42.50024141231975,27.544667979050907,6,53.61922792822041,44.91482027322126,44.01207709849362,9.113733908970723,71.86037406901956,Paying Mortgage,19.695363020872136,41.27583202773935,1695.550107517105
22.77783416178014,8,Master's,44,53.716932160402884,20.353552248180485,Married,Owned,3,41.209360963253914,49,5,55.88408709546665,6,17.748183499101177,25.22231342306188,81.07304652304127,,3,49.76495545052182,21.417625273958684,6.007316835498244,32.550333812613545,14.368762518421274,Defaulted,53.37254136714444,,1683.812623992312
0.9241588405514367,30,Bachelor's,15,33.692191307674555,58.54859383150356,Single,Mortgaged,6,18.80585664790756,47,48,1.206993530061795,3,60.57594893589721,96.28704940018096,58.94708030932468,47.117255937814186,7,92.7900629862027,82.83781456016463,32.2978733363808,23.725436365713726,26.263361236607363,Fully Paid,74.40494512285778,50.32192071829621,1648.6233327640798
6.779639582811258,22,Bachelor's,28,66.41257392833504,42.659190105439336,Married,Mortgaged,4,,49,31,75.36661379095813,6,38.8531148006042,86.57272371067937,72.4422340269315,40.381100524749925,9,,28.4104149227433,17.608928794385392,74.33329135656567,25.20698868501715,Paying Mortgage,38.585944683610904,98.20773786356308,1912.5188619014214
39.10922441482205,7,Bachelor's,14,59.93635517382656,41.875899048265495,Married,Mortgaged,3,50.47394753803517,10,12,10.102824649125852,4,19.648265240291863,25.143015218746346,17.35721441514397,95.7835304448503,5,23.049483735152087,32.7566293922126,20.989284230499717,49.187595946082375,1.9610532474253595,Defaulted,52.31581498176416,89.86389283011033,1391.2281759024509
16.439268432841413,30,Master's,12,39.85592241441276,17.01526411445169,Single,Owned,7,41.14109317604655,12,47,23.063864021426394,2,33.89699261728214,14.308139541731391,85.788918524624,30.88608992364632,5,56.64436850866266,47.17563093908743,49.58194726485391,73.22379140922875,8.777291412344058,Defaulted,89.58121013985787,5.778819701986415,1741.6069850983822
14.065333923366675,21,Bachelor's,40,13.696663454423586,,Single,Owned,4,25.826435788716353,99,18,84.13567713051987,1,76.78609231258552,4.050917294132184,12.291118254224498,20.307059292006212,0,84.57448783257632,34.62660507879305,65.46211935154629,70.93142948034834,58.61823540883414,No Mortgage,57.70533417135443,34.22655927897462,1784.0421763695635
8.387373855201208,49,Bachelor's,7,87.85307492071558,30.183466089289514,Single,Mortgaged,7,26.21129720167965,41,48,51.15361942347918,6,4.188039383877551,50.306832263202814,58.42247888317181,92.01969860742739,4,,85.3629928527957,24.192772811923657,87.62923485239375,1.9043409274291823,No Mortgage,93.3113221168653,65.71976616400622,1878.5237625989466
43.902924398044796,4,Bachelor's,2,2.899674433594801,68.9821071328762,Single,Owned,5,6.449068045584627,62,0,81.71021330026149,6,61.56243966831266,1.2756479707430546,69.52296557477356,41.799921692035156,6,64.90806020188845,35.02366143270768,91.70985051717942,13.39748667497812,67.15118072810374,No Mortgage,92.46511054051808,11.25041332380915,1807.4804076881242
9.488423014757464,33,PhD,21,58.51216609271247,44.291409804196356,Widowed,Owned,1,68.97015348618686,69,31,9.966392207677588,3,83.17853001851593,98.04707977830711,49.38470147415613,0.970035492304222,9,32.20805753162658,57.85853485929498,7.509364580531397,94.33572987098816,36.50836732844007,Defaulted,78.05218027570217,75.54372725155811,1657.0736543577939
60.671957978223205,12,Bachelor's,17,55.37282313983612,98.6414018482889,Single,Owned,7,21.563976272584917,48,1,,4,57.08530255443127,52.70709385134583,3.8202783757391057,61.5214896596914,2,,59.433173392659576,59.36105444464144,16.418496405635874,12.346357373073602,Fully Paid,39.371916965303754,22.742172872352928,2024.2122054886802
17.132454445437496,16,Bachelor's,19,,89.35345834984369,Single,Other,6,,92,30,86.39358074599548,6,93.08076723447618,24.575031218588784,57.695915012097906,27.454458474044465,2,0.5324190571064258,56.48191628863961,33.9203431271918,32.268370707782026,64.4906323864917,Paying Mortgage,,85.31729786467224,2074.07286239177
26.459711188102997,1,Master's,1,55.68121431407401,66.1524324146175,Married,Rented,1,6.675025485075691,59,27,7.964512903476583,2,55.43225980836554,32.87459883496066,72.04337022257779,64.37706081012446,3,75.48725289085606,64.86950425330355,63.74453787179021,55.342770078706806,,Fully Paid,37.604179110915645,94.26097101586556,1759.5138166409738
81.79847710772053,8,Bachelor's,20,34.03848376775491,47.656794358001854,Single,Other,0,97.77128128254999,93,41,,0,43.60482979725878,63.00345775424382,34.05759374211187,30.115901978544535,7,49.81296741839804,57.95363691499811,,36.695783181699525,8.38979606289093,Paying Mortgage,25.345712967301626,7.424685933054576,1670.586296348929
10.37747086347407,31,PhD,20,27.255774881540052,87.15456807081264,Single,Other,3,38.19580190452688,11,49,42.55558776967175,2,71.02098483162649,36.389940649533244,83.32743050287577,45.42707243604253,1,10.745321644188655,84.61191855551118,73.57179867781099,21.17167784619657,14.528600974578666,No Mortgage,97.60705860319044,25.683157456705864,1766.0632163906912
45.612720894663326,3,Bachelor's,12,95.3124612507965,51.67360449400644,Single,Other,4,31.500827518977403,95,35,22.835561417884765,6,20.117296711390075,92.24988963025031,85.26661531017207,77.48834322529487,9,50.43807042987668,46.43317447951528,25.339810755937265,50.502804614876695,3.0496547852754463,Paying Mortgage,88.65895961689463,75.16797670314233,1890.2060725529482
42.286840905908704,1,Bachelor's,29,78.41871792320796,76.32851902031591,Single,Owned,1,46.98454349836749,75,32,13.823208678533716,7,97.99144327823804,22.588141293357587,61.21586589432291,43.29730498397063,7,48.787660599805946,70.21643286483125,51.321997582781876,87.21060637465811,28.893701665758265,Paying Mortgage,93.65656116580061,37.8196349528219,1781.0712915119634
57.64055514536334,29,Bachelor's,26,13.541884981782804,29.129374720550526,Married,Mortgaged,6,71.74035554052102,52,4,46.103356809781204,0,47.56550309249171,60.28075322667594,,93.77645593182243,6,88.91305357048583,46.784918329204295,65.74443271774648,89.50667229362142,39.295076499135305,No Mortgage,41.5786062069183,60.10826653932156,2257.8419223000324
70.9804713272372,45,Bachelor's,29,52.081558614408216,26.855714062064106,Single,Other,2,32.2901068577901,61,40,19.837253984770133,0,51.14675400426174,73.39203702877005,41.10471935560581,35.51317640257163,0,40.91966437856498,54.418011594195356,54.346986998136316,49.715381588287165,13.478578491743809,Fully Paid,16.91039004206515,12.613578629576516,1866.3548269127493
93.26457173411677,10,Bachelor's,40,90.89808919148642,63.79304895796655,Single,Mortgaged,0,82.0461290158315,17,27,28.562659968357707,3,,3.188479520859211,7.60999889807743,27.39148706299037,9,23.185961388284838,79.79431892533,56.31265938920469,0.5770661292967993,42.932276570419525,Paying Mortgage,11.394526944454352,67.61417886014571,1721.0822109947926
,22,Bachelor's,0,95.39208038467221,81.4208767054663,Single,Rented,5,80.97885286881046,9,23,95.9916689642091,2,57.05614046246065,94.5629677748997,44.2937121734436,59.92935663104787,7,93.28462213602991,7.608472676550726,50.11197008253482,68.69524413854383,79.1906538422237,Fully Paid,90.8917744121454,94.19914468838716,2337.6805817748
6.4319223193583515,0,Master's,32,53.68682179706021,91.07949305099488,Single,Mortgaged,1,58.926733875666706,26,39,92.73664094615535,0,89.03025571135203,38.39488942629726,73.68168318297002,47.59422175477241,9,92.79342012370215,45.40965933775366,73.44870403224036,36.71738144312921,1.888087857623466,No Mortgage,49.62194794899244,68.99643571263624,1720.1177936385654
33.473532657927905,19,Bachelor's,25,49.25218540205084,91.4886150121504,Married,Mortgaged,3,30.765508735633652,63,24,30.41552544854651,5,32.72211831614539,24.219589201314218,16.905774913370575,77.48584021819559,2,45.37537602503535,50.69301160771944,68.73899126857145,63.32834823329955,81.07206729451748,No Mortgage,29.64407247793972,28.013411877537976,1882.118975566575
14.601690559210823,28,Bachelor's,7,66.3704478926256,38.110051361181405,Single,Rented,5,54.11880558570243,7,41,94.29127113917565,0,8.812656950055775,84.63180127808737,73.2300770608181,61.09465257026532,2,40.41098477429571,22.150105085385274,51.20233891087593,54.88417555934738,53.83263720099121,Paying Mortgage,94.87049182391807,90.22456230962314,1906.4231313974246
87.57170365589394,30,Bachelor's,9,26.51232614457395,49.50559456545849,Single,Owned,2,13.895990524891621,73,16,35.135593465492676,2,34.98616942224785,70.83240490779703,36.7847181142801,55.52633226079402,9,80.50176932346278,36.988862564812486,64.85341590333424,72.53896016618326,20.96609221117004,No Mortgage,,42.87251417514815,1898.8339611192782
18.233518357821954,44,Bachelor's,20,33.77107747242245,80.96742580880732,Single,Mortgaged,4,71.6476262642167,21,13,97.60139255987941,7,46.09695922125396,67.40013710698535,54.15062821224878,84.34277957090492,6,5.829720386235704,99.8421233923774,75.24024537194673,86.39033162941132,65.11977120953463,Fully Paid,11.238297492870942,34.77378355593156,2260.171712429416
87.64209436044928,20,Master's,33,83.54861556432962,16.26522181899006,Married,Mortgaged,4,83.0250192781385,19,28,50.51640182933148,5,80.55808264412336,79.13527236523345,58.13665572045748,78.07854833654764,9,5.006452709329434,87.36338226347002,7.5554493762769575,24.66884297439973,69.53189496243846,Paying Mortgage,87.63139699155089,29.797979466226955,2004.9743622439219
1.1871346669359295,30,Bachelor's,37,53.48727557587553,87.65981188350187,Married,Other,6,54.91440152414512,99,23,72.69798713458154,5,0.8108196886213226,0.9252522435902355,46.05660075622558,48.833491300433465,2,68.69274167743025,29.400338859495314,55.98931015359494,30.091907316541878,16.71343148693072,Paying Mortgage,23.227336479050077,,1637.5957212837386
19.882853028647997,0,Master's,22,,11.039423424993377,Single,Other,3,26.440429792964537,51,42,54.90832225687229,2,40.165312576438026,94.90796031828168,77.71859094396096,28.540529030284155,4,43.239636018508996,82.8667143533594,82.28880682935021,18.88701867628544,70.1141131383577,Paying Mortgage,29.749266999266823,29.634807688058075,1875.515096969784
72.55682475599482,22,High School,26,17.118474383512527,10.448239530783464,Single,Rented,7,4.457004071263082,71,32,31.869725728539734,4,62.6244822763033,14.637306658896776,18.892981376495232,85.94345828335508,5,38.01949979751775,87.12718509501171,66.31478293998225,34.171187934168834,68.36995457246208,Fully Paid,73.56426600113653,48.701604051623946,1677.0219690302147
81.31821472844612,45,Bachelor's,0,,36.014211413893804,Single,Mortgaged,0,20.698630300011956,81,47,88.02517732816871,3,10.595591134404769,11.224107199158862,29.12233185782761,61.418372398453926,0,89.92503069815648,62.37533843692328,,18.63167765185335,9.972620385336795,No Mortgage,50.13509936337459,4.339717857856085,2089.527192493508
34.84779757956553,17,Bachelor's,5,49.531764693390876,42.76917880334611,Single,Mortgaged,3,73.60173683653359,92,37,46.3675805773178,2,60.89991110519285,28.821196844810604,16.030903951556887,54.45312929045081,3,7.587164122404754,69.82154534944728,62.377219065085285,18.90172827464972,46.943486215404384,No Mortgage,52.94357405412765,39.54890761835702,1753.8845875093887
32.233845808094365,0,Bachelor's,22,7.474590363631551,,Single,Mortgaged,2,94.90693936454213,93,36,84.47091670758626,1,44.08551127025159,63.42430909775426,77.44774192759833,3.3789150948248636,9,18.673299409737098,34.594951786320294,34.79686661552165,46.906034022115364,33.41364118761734,Defaulted,14.562873852545144,3.343798556109767,1734.3787208667698
47.02490853287543,45,Bachelor's,5,73.33615147320936,63.74988029341632,Single,Other,2,50.47543235655417,58,33,7.22717090113515,5,53.40277303847177,37.91608639799434,34.027498223403086,62.083263277419285,9,49.61759261011153,82.47231640769202,40.21563818439675,10.239446279317654,6.1505736458638545,Paying Mortgage,38.015014195766994,33.72377508358421,1891.9307752620387
71.79370236225695,24,Bachelor's,22,27.42618501588997,54.76119841428094,Single,Mortgaged,6,80.4202907297781,40,35,79.10040740654073,3,12.784973699346702,73.89920631562438,39.68879782249189,26.292424763214704,7,,34.311551641700945,24.190577259175782,39.85020288039804,1.9172910749898242,Paying Mortgage,17.09448935675858,4.390461363063725,1476.4717488253013
65.36986929050792,27,Bachelor's,4,20.53681846899853,73.72276772498267,Married,Mortgaged,2,10.4371458082829,86,18,93.87498882798329,0,19.045699703004594,44.21561381128117,7.150302433163535,38.96574222881154,4,38.644335093081736,33.02941754681341,59.53557225103119,87.2204528998895,4.7583192546112425,Defaulted,15.82407418152627,69.53542507318696,2021.7321984853616
10.572456043113487,16,Bachelor's,19,93.63525578249853,1.8524576745955867,Married,Rented,0,50.10473777944182,13,37,67.2262939932566,6,53.07506023881423,58.98343944397556,20.06163711246527,28.733033322764946,6,24.929535000461133,22.488678022553177,51.94487863912376,56.26887557907294,94.49474208215045,No Mortgage,64.1675710161496,81.72592689875229,1509.5780357307156
56.024146378305254,25,Bachelor's,3,30.54442265484817,74.46036790033801,Single,Rented,6,78.26515628228766,69,38,15.991324502412752,7,57.996782020314285,94.80532818528903,6.875095208867732,50.73940938449606,2,,2.397544737653168,31.302535470158134,81.9868147527005,55.39417338546375,Paying Mortgage,28.552507171533957,29.80425227913559,1492.6271193908665
38.31014335905844,33,PhD,43,39.33528387477618,84.65507758198628,Single,Other,7,74.35025357790752,80,28,21.500476827002856,7,80.00544079513713,34.61072407823951,17.260911290227455,0.263215557958818,5,35.24327315388416,55.49098338254089,18.804109258878576,85.96655476664752,25.775521562810965,Defaulted,48.071405648435594,49.885102374427426,1882.118975566575
21.508522878509282,27,Bachelor's,26,77.0089031254082,46.23284974592826,Single,Rented,5,96.61780248345367,20,18,12.566114557958274,5,74.81617990286962,46.96542569516235,78.29341727398672,74.62548943502054,0,68.63666065786795,1.8355724379141791,31.177764680502197,63.78221792594102,0.9344953486244201,Defaulted,85.18879824703832,68.40248616920718,1630.9485604833862
26.536973312034394,18,Master's,30,3.603737749918745,93.27791246877345,Married,Other,1,76.84677956641337,26,24,99.16730528316782,2,57.5520216966124,92.52646416569644,14.689656887777925,97.08541978677002,9,88.45719870582626,21.455652133000225,63.405505601098334,76.08914729612401,98.60279281964297,Fully Paid,76.60258995192964,33.880116992711294,1960.281054164224
17.56264655680023,42,PhD,1,53.75231002030485,99.51594102001212,Single,Rented,4,39.27856463287049,93,4,76.83999289487798,0,21.115803743192696,50.213164091953246,2.001172362877479,25.28549787625588,1,1.4961198256300712,26.45462862260417,51.40308194758695,57.314924798124565,,Paying Mortgage,41.473580252999376,93.03511771330678,1883.2487910261395
78.48829833877943,20,Bachelor's,22,55.98831655769838,78.96736137927557,Single,Other,2,53.35897301104087,82,25,77.73021481439183,7,69.67955139643412,,,36.440986599540324,5,63.63727057095906,75.12731169377459,67.85170694844143,19.841010119356273,49.39871801434912,Defaulted,47.57040781890562,53.66232797354938,1882.118975566575
77.11360481708222,16,Bachelor's,44,16.25670686634786,99.55164485903248,Married,Mortgaged,3,24.49535083659561,81,35,99.15942356641668,5,71.02433419272592,11.539985828082822,40.68092913568494,84.79716933125904,9,59.10953805356141,50.377344372463405,64.59515311120451,97.28943893876949,5.573552650140212,Paying Mortgage,86.30287792502848,48.13827117484275,2135.219620130581
7.852718594157282,6,Bachelor's,15,84.9034513283473,52.15995129911216,Single,Mortgaged,5,0.5025503365311934,19,41,17.458398467636027,4,51.68367677344992,26.336361899807926,20.986467727912117,59.90993251027524,8,5.816775872092473,37.22452951860714,72.06644545078623,,42.28764684667789,Paying Mortgage,36.54514846532736,93.61463354321128,1674.3871543688604
5.490489091077433,17,Bachelor's,35,18.404103482144674,29.592634898028834,Single,Owned,1,71.89069446047903,10,21,67.981812521997,3,4.159595625646951,2.3110668467792195,37.300709987856074,14.878828384915288,5,91.73489015067489,39.14797303340157,84.49503772726041,0.024087451786647396,16.851464345918423,Defaulted,32.814718051506865,90.81895956965027,1673.7470085106338
9.695212359898775,10,Bachelor's,5,12.251914253709383,21.202785050222893,Widowed,Other,3,86.99059338903209,61,3,9.1850337229201,4,99.95051897085165,83.52292908460149,89.34590541671159,82.32263592464994,0,22.74482540647996,0.3121651356409627,30.351012487811147,10.860740234649258,47.2793345301583,No Mortgage,87.4505295038077,74.92171650908982,1751.1853395065239
93.85855957785051,5,Associate Degree,21,28.935241022224623,25.350101610577312,Married,Other,3,44.01484472241325,67,38,25.13076871421568,0,34.94741195326255,,75.67049101114695,66.69053866842103,3,58.80862458546977,57.0689661576848,48.42661981097255,54.997898638386424,49.17906326236681,Paying Mortgage,71.55059546211288,10.962819440343974,1728.009756715424
74.96257521490237,13,Bachelor's,7,95.69917688704415,6.043654494056405,Married,Other,0,83.01772429995874,63,35,60.332556564459836,7,90.98236408320604,87.04004631058369,55.8231750279661,32.47989153803606,9,3.341799470505946,81.58208510252952,45.038321303900794,32.513292840026445,,Fully Paid,12.461420770752119,85.76559882418273,1969.8542737743335
89.7508835108354,44,Bachelor's,21,37.36408184666985,33.291209623140325,Single,Mortgaged,7,,64,26,75.94865691883071,0,72.9033742829494,92.78100616476964,,50.32094167515431,1,0.6957587303291213,24.012662045151988,10.080719713908525,26.021136793575362,17.70432945283974,Defaulted,90.93041464060494,0.8223131388891525,1700.5920628913002
73.60821443370854,15,Bachelor's,44,65.39011463692573,67.22341498006051,Married,Rented,3,89.5106225730092,34,39,,0,9.97309723438824,92.19556301327502,14.077045777121333,22.489680573040726,5,76.40930002129815,61.93513059362989,23.213391280015617,0.09430425274903342,75.71505803074392,Defaulted,80.99131203060904,46.02066181566153,2200.5473241497575
90.37672613991066,40,Master's,2,44.762387266552494,77.51907692939058,Single,Owned,1,3.7747316967433386,22,48,65.38299638276777,4,75.21548922576659,50.357689633859145,,93.63427533982278,0,63.55934820081872,30.372095359118866,,27.413616719193833,20.265692199043105,No Mortgage,5.684057071238846,97.84944646717908,1882.118975566575
58.84335564164248,5,Bachelor's,4,3.2063517094541583,61.23112888403968,Single,Rented,3,22.70012993384206,16,37,84.70120353890836,2,38.28242079635038,58.911873598023654,72.08163164749156,24.1206774628023,9,97.2095993212311,61.75573132096185,98.14157218336639,33.77559871322291,70.30316999741315,Fully Paid,,51.1902121269624,1955.23306120827
31.961812550807124,16,Bachelor's,3,70.44236214774867,49.21166570858616,Single,Mortgaged,2,61.259280827587645,75,2,24.93757879958921,1,71.8531318122246,7.296833292568772,82.11261044851797,49.30351215402048,4,,68.18330320328587,99.35015603957082,23.233554592401816,62.394557476138836,Fully Paid,3.9451952922691436,1.4470641502865034,1882.118975566575
11.922857781785867,14,Bachelor's,10,3.1856762528260085,46.930299636000704,Single,Owned,6,77.98186756231435,51,35,39.137809336374694,0,24.02271663955453,28.021640699057105,5.31206241990011,79.55818365422829,1,22.911661391139905,23.179027761657967,90.13999412292331,83.3916600461037,55.35308853571833,Fully Paid,47.4325570550291,39.16665428788089,1938.9356493809305
91.54768812183315,12,Master's,34,49.81507202511484,45.76318745451751,Married,Rented,3,24.241881388721087,6,26,42.744192085655996,6,72.75933433047433,67.93166653135535,47.05007190896823,38.789852895172984,7,64.00487969300563,49.47943549418734,84.91322479885106,87.47019843267121,17.056037800651847,Fully Paid,63.04009260359995,30.12257480622794,1725.6138206896892
,38,Bachelor's,2,71.74344508782536,76.26534899114843,Married,Other,4,17.209985264986216,32,15,20.518283339516074,6,16.719585454726836,2.8457391843922486,62.93549426289384,97.598311939245,3,11.86557031962523,57.03873253675308,90.63542110956462,78.40617798284788,62.2515868412716,No Mortgage,54.18801732762199,9.124484130425536,1714.6665005059256
67.894542428067,22,Bachelor's,26,1.8456419043022643,54.56084644271506,Married,Other,3,26.175286903702364,33,36,47.37601537387203,7,58.06197604823537,77.3090141617112,33.267298653032384,83.14166219303112,9,54.60988080032908,21.400711317387422,47.55265216261934,31.817520950870314,26.670343063721425,Paying Mortgage,16.00741054867306,78.73258374573953,1882.118975566575
98.4164959483215,1,Bachelor's,25,4.0487824328304445,40.28895789566308,Single,Mortgaged,3,50.13964785953243,8,18,68.01096984332773,2,94.2334494935037,82.30875290068805,4.197272624350601,47.108285070451316,9,31.014722109080207,45.13367251540973,38.41941849259774,43.23338998786653,97.92618656086425,Paying Mortgage,92.22308698387297,48.02367134710267,1860.35314197466
62.374224549954114,33,Bachelor's,43,40.95184802787139,37.47310225357599,Single,Other,2,10.812335247709603,9,11,14.36916072617339,4,0.7219947003717753,31.659634841264673,67.71907236726554,48.40389402278484,7,87.41037960662108,35.90707790431512,4.5486541472274595,84.56263001150188,91.12343103146713,Fully Paid,12.794994091976486,99.79151344122877,1994.6145891791712
25.85842215527738,22,Bachelor's,23,,,Married,Owned,7,5.3544650892674905,53,47,22.349431425583997,6,19.08094914463071,55.284179598476825,25.32453630402508,95.56213797813561,2,19.972828011123656,24.231060638744772,,23.273024187005355,49.134909026878525,Defaulted,71.20634214091707,57.99619805351111,1868.3304424619528
8.900317798267965,19,PhD,33,25.00567585101532,41.70487283209009,Married,Rented,4,56.56448823847886,70,40,43.46076538672534,0,92.74228364827623,52.09913886493571,48.75984380495609,57.83291027043042,8,10.688337508703139,82.1110527741516,43.55050274532593,7.234850989748553,78.61826691982131,Fully Paid,10.036749509505395,63.377903954325056,1899.577806767874
88.01313534336417,38,Bachelor's,41,0.2140919345475223,38.02411664133902,Single,Owned,4,60.6316947374532,90,0,46.47842059375008,3,49.35003640726167,17.839825192858104,51.306942286343805,81.401673551993,7,78.8581765108471,,25.42178290666882,,89.3443465376265,No Mortgage,13.045563655139391,97.56049685891121,2367.1409889113756
86.83239636503679,39,Bachelor's,9,64.64017366657997,54.53628521336417,Single,Other,2,,49,17,27.871371514114895,7,19.566629562534242,97.29773804203049,15.311344577219844,26.927042430520764,9,61.017857623664185,15.397412974382906,79.37174257852124,,23.731770420389108,Paying Mortgage,93.7987865459497,,1855.7877892038784
69.77970330625239,8,Bachelor's,10,18.741128798377694,44.82265821082245,Single,Mortgaged,6,84.04495816388055,83,10,83.77290986226564,7,8.292715250972604,64.17754044410113,,90.78906004128328,6,28.71522634376287,50.07349061441984,45.59461857686613,34.44280462171883,69.37412986983286,No Mortgage,85.29839690301367,97.28566047103429,2000.195655980804
26.665619213250448,21,PhD,5,47.59816903492203,99.37731027679317,Single,Other,3,90.29010111633711,45,25,37.03201754505222,2,52.39931674646672,50.50578002704087,52.52504648304882,97.40312249720638,1,16.171277833010798,36.888252155588916,42.39561794632619,36.053291785164774,79.8495963603913,No Mortgage,57.209981697162505,85.30135589879255,2129.3939495739055
80.59281534153587,13,Bachelor's,43,29.464890306250048,5.0018820902186345,Single,Owned,1,69.46717295969576,24,4,84.8752700565235,0,93.7112493921472,62.76198739827059,32.18466352013203,24.64779095767362,0,23.547141701087714,13.77283015171411,61.216622072314564,16.65455885938013,52.86298375366193,Defaulted,29.80416983469145,3.5064949018718705,1469.3837667262628
3.72538806141961,2,Bachelor's,31,79.63001859676636,43.17328238428492,Single,Owned,7,,55,32,44.24913136680374,0,49.41257411412706,62.02788171008429,54.42000021136278,73.97963719360992,0,53.41898918086192,67.89030208597069,87.35596022726128,43.22712877881686,41.276307274879365,No Mortgage,58.2553837041994,7.100678022258855,1887.2990427888071
89.21120156910814,3,Master's,30,95.31110852819305,5.4134408402320755,Single,Other,1,9.031856029907303,47,10,61.24895070970834,1,76.72783010536483,90.53731882624274,40.94707418887772,95.3072768622137,6,29.650157102393905,15.928303734945848,43.53893961280134,40.18987079559666,57.57193053312043,Fully Paid,74.99869843799752,50.98899482056102,2074.649784146014
10.482264094076555,35,Bachelor's,7,11.786010867977016,95.82511722325032,Single,Owned,4,70.5113146638995,43,42,59.029907175559956,7,,29.68002050518389,35.42657213276258,90.59519191946444,0,97.64827762008709,90.18383164416711,12.73720360333609,82.37242861369873,40.9838478109594,Defaulted,47.22809643288011,55.38360825022206,2225.299394709623
52.97749152567985,32,Bachelor's,44,80.26758125262869,13.952678055966928,Single,Other,0,25.40211490955627,70,4,60.95685338984641,1,,19.3700292785702,20.838367900882538,66.13039622868668,1,40.375661047834654,,64.87469372366542,87.11870463503178,74.83188011224908,Defaulted,53.655467101079935,75.1876244369191,2019.6775396329535
14.006455935893648,0,Master's,6,92.90763602568236,87.42965602221743,Single,Mortgaged,3,,90,46,65.36029525352265,3,52.52022002307971,20.832694686003972,52.46884120934774,55.508260143765106,4,21.98829897073491,36.83103820867317,36.40274692145663,95.94395957411649,44.394496032671896,No Mortgage,75.0811381374439,,2007.2363362549386
57.18696893717321,39,Bachelor's,4,21.44582293241616,7.415910577403073,Single,Mortgaged,3,67.93934881124261,82,34,56.914157045426826,6,93.45580725432818,43.211717561589445,53.881936724966906,44.611430712518775,6,47.05050789923272,4.796755857947588,88.20481860076987,44.43938189157698,58.894364850734874,Fully Paid,,24.529009364364295,2089.5868246390232
70.45860321333502,9,Bachelor's,21,20.45936142917758,18.15079616214955,Married,Mortgaged,7,,28,47,95.43459516233008,0,73.16459039198881,43.94482232929203,29.78473483600218,45.59159370221138,7,79.86873709303624,24.330192798296714,72.54121231929705,6.834837144819472,95.5098556165686,Defaulted,88.27420762070804,80.94732096154344,1822.9509308913314
96.7859924081416,47,Bachelor's,37,18.436823801969382,44.30759329334488,Single,Rented,1,58.92117234526204,53,16,11.618077501189095,7,28.721257112736154,94.01760633010566,76.20716534397258,,3,,19.5422586638349,1.11545873118305,24.232573024632142,67.8775983520429,Defaulted,50.90034454826182,,1891.4957093072492
69.37579203490752,39,Bachelor's,0,,63.40007674159881,Married,Mortgaged,3,61.05131640921601,20,27,48.64090989910865,6,19.51746150400062,16.540090450135903,77.7161196205595,22.89871853003117,2,45.15463609730565,57.96108992282839,87.71549003711942,86.77473900817306,45.107607182485964,Fully Paid,42.64438057143032,60.61935374241404,1814.6837392043951
55.77647590980618,15,Bachelor's,19,18.265161874377224,75.0523980696749,Single,Other,4,40.78600255909134,22,29,63.0779733104932,2,35.35488542043371,,59.73493009778531,47.24621139148905,9,43.36969331069596,20.227318174203035,21.393378280104724,0.5803768842941093,30.095771555867245,Defaulted,79.41627088376096,20.246754209575002,1775.5416023219082
95.90439968714077,0,Bachelor's,25,72.2433423022413,8.504362130607113,Single,Mortgaged,7,34.443828842851,33,31,13.0698253748313,1,34.08765395839365,,34.87028108429784,76.36470325232199,9,35.12170196384881,83.72399995154593,6.679707726217199,94.23435076713574,98.63168422720129,Paying Mortgage,29.127252225573695,37.24006660353562,1840.886759019395
77.6391368652726,0,Bachelor's,30,11.797899943702571,,Married,Rented,0,70.03063538838072,42,49,5.521762675040565,7,12.857726079687847,69.74612672267268,50.62310360908802,2.5632249884422587,2,85.18368088189332,52.425792790383554,22.894233613944525,12.162289068009425,36.33924794321266,Fully Paid,50.66912010062987,96.6409296123429,1935.9357322721837
57.49534932296414,0,Bachelor's,2,,47.13681101729975,Single,Mortgaged,4,85.53144643629383,88,43,5.3628390371449175,2,37.49645490745293,62.585839707011715,79.35911972023236,28.059021597436896,5,70.87285799048996,13.443108283573402,81.40669059512669,,94.95374371136518,Fully Paid,10.814594233719866,50.65012010369253,2057.420808534262
8.581077170943885,46,PhD,30,52.510239814224406,36.862065249828866,Single,Rented,2,28.088327306759975,30,44,54.37624559186557,2,93.21617192136323,37.45361524510411,8.077921387434362,38.72911736753299,0,51.36526718213295,69.4541974037274,5.5483942067910625,28.45406102720561,81.92305768401023,No Mortgage,85.54859546959575,9.189609207710625,1613.3566324644419
83.44542148916962,36,Bachelor's,15,6.616872172518084,21.59382040201351,Married,Other,3,58.875946356500954,65,10,41.17820274857746,7,,,23.000045254839986,0.5720931541964625,5,20.246218363883138,89.01151363098093,85.9046329706656,,10.638840541407735,Fully Paid,60.92226627693547,27.490833748224077,1621.1041419824096
71.67977166993707,9,Master's,2,75.01502812985177,21.475366582508272,Single,Rented,1,87.29487304090019,37,20,77.51460777285946,3,19.204199355900407,90.44253423171502,19.810419424108737,,2,62.231535645426426,66.16750607175304,31.10417050569839,32.00109892470634,33.94939150599428,No Mortgage,5.813379102682859,92.91163526913256,1731.898578215906
22.252104417744643,49,Bachelor's,32,22.341254492962502,8.084680164325398,Single,Rented,0,70.23961425404268,85,31,52.367239999898516,0,35.39058262568587,89.14550645563722,16.587792466253546,14.950863952069614,7,65.7494229984942,19.461925432456518,39.07174422546241,,,Defaulted,74.01493936975908,44.81286994651595,1850.5498991894744
93.7525986759583,23,Bachelor's,11,69.26134434251007,59.219018042921824,Single,Owned,5,21.38388894952643,4,37,,2,61.464281893488604,84.92191446941048,48.026692566562744,87.04108285583003,5,92.67075043390905,,25.71771360244273,56.40849216886251,53.303056148825554,Fully Paid,59.12429057506141,31.478562371695794,2104.501980267292
5.234876680960243,44,Master's,42,67.60560050132531,35.698369214011294,Single,Owned,0,,47,17,93.12666274013378,7,95.30161760404428,70.27828771659749,4.20057674188119,90.68728318190527,8,46.032698477783285,56.646660597963425,14.938454677122792,46.916604856739866,83.11272167177457,Fully Paid,27.29171603243713,0.245458644384422,2135.35140283852
41.571130914984835,22,Bachelor's,4,60.85046129707865,25.462686665289546,Single,Rented,1,69.56402157189359,71,36,71.30282022890967,4,38.64155618305812,40.63230318455793,,2.3085480551770177,3,65.46214957970551,80.22888163636875,98.82034927269741,,59.937922226110175,Fully Paid,16.70417813381526,71.76455863427427,2099.4045939598154
75.49787331491632,8,Bachelor's,36,3.3403006577434446,9.108441488005148,Married,Mortgaged,2,53.23477279546288,91,36,4.555015596535251,6,53.11094225441555,40.822182258823204,27.384251909925915,13.132324976431741,1,99.61452421241918,32.95421335238821,38.162104417660395,61.8037524676957,71.84414747355413,Defaulted,90.49295169818153,56.00039892289183,1726.2127143608595
45.0390076405931,14,Master's,34,4.001313053512434,33.230991073995966,Single,Other,6,82.6269149862581,98,27,87.49894950244214,4,36.21787575581461,73.41245436569686,10.407595641824695,78.93334823405523,3,29.22901727092532,65.57773017841801,64.1619998714409,,3.0397414811526136,Defaulted,56.95118693444212,87.66052783705985,2059.6482857889127
92.82167956475944,2,Bachelor's,43,74.6082156572893,20.48015249391669,Single,Other,1,72.2461310338954,39,44,,5,28.814948903337502,32.397610656153894,67.88782323905966,56.31980924481612,6,30.99299092291664,89.99832768786541,68.81744367222635,98.59743176855194,76.70125299807694,Fully Paid,21.61885738704754,77.14848748169257,2296.5346103907927
2.021752014779743,17,Master's,34,86.24043522930891,85.42676926575307,Divorced,Mortgaged,4,41.56610015004492,30,44,17.963382637214075,2,,25.21951614279182,,83.47984925799405,6,32.909588031475955,53.39565469349339,6.168029625309545,20.874588239862923,48.58205588603991,Paying Mortgage,84.33323548919375,,1775.597275280744
94.36336706484948,19,Bachelor's,10,60.02186110619694,97.69710546262608,Single,Other,0,90.54686921374156,58,17,99.01917892516717,1,66.72448286332396,28.339769457059383,64.00903965861701,60.762357588393876,9,20.674664574023915,62.16295780432135,12.822994730377413,26.518087513032285,83.52455477380025,Paying Mortgage,48.80601562696629,94.11403351458402,2178.401484369487
22.71490888369463,38,Bachelor's,30,90.16533867127052,91.54729875735151,Married,Other,2,38.37739303556238,71,16,4.397164162145484,3,24.874326629118226,43.22270754910422,66.79337354557424,42.94187868522533,4,6.5627995335740374,40.14435492600038,76.48478932199835,91.51763371865978,41.34971370633718,No Mortgage,70.26271063236521,94.27720011052766,1903.028099010292
26.70609402393602,44,Bachelor's,15,11.058634396395473,62.77327355622657,Single,Other,4,87.62033622249848,27,23,87.42518766843361,1,42.58685608831437,18.717311492694698,77.33040401143754,47.4372639974619,5,,,55.37739542944381,71.78678511312636,89.70385162506845,Fully Paid,32.850905433786316,95.24512631463853,2052.759466130486
2.4875882014605444,37,Bachelor's,27,27.308145032131836,,Single,Owned,0,89.49106425646659,20,43,26.44928733474785,6,8.996727886096089,56.33837406661656,11.376246248065181,13.877588411263076,0,28.16530096844638,,81.67452794726815,76.13496562028924,26.248445471647674,Paying Mortgage,96.57915301069676,0.8236241591960125,1539.6842896267726
87.97205330602158,19,Master's,34,44.03517738932523,70.7120613944381,Married,Owned,7,73.07068843628862,1,45,13.183661780351418,2,21.40524562274342,43.2851106795671,19.767093687426897,54.848358574912446,1,2.310685278748026,5.113163810669718,95.425844151531,14.228621861093583,70.84782531368351,Defaulted,10.816035223518217,50.887625140933466,1485.9274261655214
46.48709301543437,45,Bachelor's,32,60.21018301273497,45.4960317393011,Married,Other,4,57.90725276859945,47,48,31.37352588446539,4,11.463994358570684,83.6924329909292,2.7631832855930627,83.39907620990965,4,88.6564112631152,72.97726373361574,16.46702625073051,56.58179928594681,31.265631435521946,Fully Paid,85.91821994111083,40.35227665072294,2009.6784731438227
39.85437143653825,16,Bachelor's,42,36.31287104896359,95.1603562499788,Married,Rented,1,86.26740703318892,0,27,59.762899319556,7,13.338861709325956,11.054136441673535,92.20926535723316,75.11483678225827,8,76.9186789995928,42.88543613066385,75.84557473091266,37.18029912745357,,Paying Mortgage,41.96722921572683,98.13771043261949,1959.7260011768064
34.9485182308101,42,Bachelor's,24,79.82211815880133,43.30745051445651,Married,Mortgaged,2,46.69674091637979,19,42,75.5494657014215,4,68.86292899005433,28.232635073194245,48.14353459576055,4.4395264969327,1,98.98921622398747,40.68790626246709,1.096365313154335,16.979263955094737,65.25268777504188,Paying Mortgage,78.78647195855439,25.388401096106815,1878.6169602380044
76.36319155471341,18,Bachelor's,9,14.727380849832672,45.256450343558264,Single,Rented,3,59.02533652596944,58,0,39.8641335196384,3,41.670866384722984,7.276237623962711,9.876905139875126,41.591653293271605,0,92.55443258622235,37.57058053802705,75.78581220721001,53.02475263662427,70.40856686423355,No Mortgage,94.19049728383291,53.00884969144239,1773.312432314467
83.13240712852496,36,Bachelor's,22,0.7759648337424485,47.52929765655083,Single,Other,3,46.440290632064595,50,49,93.04234931787778,0,78.58004651879745,29.625575331678412,54.50084157239405,22.3897233305685,4,48.42130657597906,83.16400401693309,89.60283653249931,41.462006239647785,1.7704445073237207,Fully Paid,17.42786785013607,62.188196389039355,2044.889974555356
2.4970900434131194,39,Bachelor's,10,42.369315199964234,30.714995018995218,Single,Other,7,8.118778705043116,33,17,3.2119756067814476,5,68.63722327726434,,85.75876757624016,5.859088771013543,1,99.85602484850686,43.30761025867926,70.29656635446435,18.266304885701366,60.98687349855377,Paying Mortgage,31.447663586651053,82.88971119758777,1719.5735992905286
60.34175784722833,38,Bachelor's,12,,40.27323698669662,Single,Owned,4,48.253840746667265,29,41,78.69568104790415,6,54.70281464244478,5.334016300518352,,27.073373242173247,9,30.835507063231027,88.44965347938634,67.62337350404775,34.09164091920904,54.353437837412365,No Mortgage,88.33682980309119,16.03938750061452,1971.4037106021478
33.95731412081696,33,PhD,14,85.4820052992188,38.15743878255178,Single,Other,5,14.105979949229708,85,18,1.7878484034818065,5,6.947998488353191,57.038609957622675,75.64776788404124,11.057918706865944,3,55.55089783954832,68.9969012141725,97.14018486086462,8.368098824769731,,Paying Mortgage,39.29588066366823,85.14386963311144,1834.3598878689265
90.62542367378683,0,Bachelor's,25,83.27586684527142,12.151116953766616,Single,Owned,5,42.389975199699826,94,4,95.31775382631392,2,72.41359788326332,81.22395386087472,67.91288313348619,60.692228022654035,6,86.0930482578696,82.16465971645,12.228872118059952,84.85876570308781,41.40686194404425,Paying Mortgage,86.97685680139259,43.20247996337416,2294.591508085474
80.83646901768167,26,High School,4,10.022825664288426,75.43759555249096,Single,Owned,0,,15,14,91.74258528045011,3,81.10216892922269,10.89716293039158,25.073182600205445,89.4538852240591,1,63.95538263773112,66.37667361217,41.420055430464345,4.455663161765322,78.4441542070729,No Mortgage,47.28044641127247,89.97596153682575,1997.922352439919
33.615966498509884,29,Bachelor's,34,51.49798106483448,,Married,Rented,6,83.64731916659713,80,37,78.8686429231424,3,16.71000877656339,3.3393204865857395,38.571671276102,90.35593036972818,3,20.6513164929784,96.98207852410403,2.500411285059212,78.57821503937544,32.13699557408704,No Mortgage,91.78025402095837,13.96423302095836,1889.0927695329783
,27,Bachelor's,4,11.555669883633879,7.136701388938005,Married,Mortgaged,2,41.83689101320071,91,21,88.46823774216878,7,38.110932600828285,61.371218185422805,62.36259472972642,48.169983801234096,0,98.6180311608695,82.11236261177244,43.49801978880452,72.72924772395685,26.95616932524595,Fully Paid,35.24310255527406,40.29728001233942,1848.91861858426
1.6537124560670802,31,Master's,13,7.396318727095597,17.499682875058397,Single,Mortgaged,7,99.87500343913169,29,35,99.86114270374541,6,79.51407225115223,78.17458588152745,35.533970821954696,57.42703802570872,3,68.81138762610554,2.116381398203826,33.67056688975335,14.447569659460536,,Defaulted,3.689328891076815,21.980071196192373,1882.118975566575
30.956935223823145,11,Bachelor's,21,16.424106722315447,23.679803459611882,Single,Other,6,46.38652214288476,72,32,65.34889320582475,3,57.07437417333199,77.21525048074646,92.8008741774554,26.112714443307706,3,46.42664202859397,92.71748377359889,90.13868568106571,8.987828010063803,13.192982575381084,Fully Paid,10.661927280542349,34.55808733486975,1713.7714936752145
14.838537821747765,13,Bachelor's,9,37.52411324969148,59.901263711461226,Single,Owned,4,40.88436617250682,40,7,69.54071485893057,1,31.1405645044878,12.108129824146275,86.46591138898917,,7,56.94326830948546,41.04931145413418,19.25299154381395,,12.705626535767433,No Mortgage,71.01450375965034,20.883702045198383,1681.3409932920852
30.67727513528323,47,Bachelor's,25,62.3431793443361,64.43961622818657,Single,Mortgaged,0,43.799774789555414,98,31,16.465468825602958,0,4.278326824726786,24.406345104292527,11.429128583685655,53.33381148925721,5,73.67502209132275,21.560906308219042,39.929925602578585,50.78942095312776,81.02058495033356,No Mortgage,90.97183119077759,50.924525050287514,1835.3651095023492
69.4274746435863,11,Bachelor's,24,43.17168850266111,63.40505083067194,Single,Mortgaged,1,2.2159535544521547,11,23,22.12215141822992,2,30.60061052089432,12.74207833593991,54.55625441677579,85.79574553975084,7,29.60820891354503,56.161615979145495,71.48559742004092,72.81044923677423,66.65384552976889,Defaulted,87.01054583441044,57.89365594070033,1730.6824795070102
42.985636911121226,14,Bachelor's,0,99.19970090148512,18.289377232919925,Single,Other,6,47.67952239003832,39,17,36.3627748771157,5,99.31707895983327,99.48130293037723,11.478627866061242,72.59687793283473,5,3.0192015337188627,10.53338942449643,96.5485657007934,94.08635478946974,19.392782028068044,No Mortgage,24.0535086515947,51.554699407514214,1642.0149327889537
56.97046320354099,22,Bachelor's,30,92.21313255294103,65.67227064567305,Single,Other,1,29.048160560894367,93,16,4.2150416962934205,5,80.1209900243629,77.16681063107458,91.95306289128325,53.32006643690402,0,58.86889743360161,,9.33281202698264,17.265740109758976,1.2290661155670901,Defaulted,88.67343919459044,67.06633160020995,1882.118975566575
98.2040087590982,6,Bachelor's,36,31.424152049950493,97.35265518372518,Single,Mortgaged,0,75.76576166029724,12,3,35.67962556549345,7,75.81292064968449,91.06125073726052,1.4830162431707872,80.91032168230461,3,78.93004491081501,13.01944598703667,8.127910484088774,2.084523980770081,62.8745225828071,Defaulted,98.69137142182123,39.804317410409574,2225.23219570108
33.19062848974967,12,Bachelor's,3,80.31241661790386,42.66739806158048,Single,Rented,1,,0,21,11.10972088459905,0,29.787633152279337,56.037986013676836,39.795727729576925,67.46739920231619,5,12.393919426443944,49.921150353326674,,29.58133627513597,6.702807903752273,Fully Paid,69.18185861250508,12.161815681964939,1882.118975566575
6.504595773714062,47,Bachelor's,41,70.17310407557848,75.63317864801591,Single,Owned,2,1.102808426890034,60,20,91.96034194214366,3,98.91841643660959,87.40565631389788,99.77843878200648,,4,82.30283087957645,23.094035922073374,9.843754900099078,97.94205136775996,29.602455152061037,Defaulted,0.41271546746038945,2.1024807219602204,2169.846152359875
46.58713086963684,23,Bachelor's,11,7.7485797450491445,16.262829631571705,Single,Other,7,41.607023555328006,47,9,12.893730541981718,7,85.95277052474898,92.46125323329719,82.6257729332069,33.40772174178473,7,54.91556907902392,72.18531605331123,99.33727881601749,13.157071187892623,4.929199902380443,Paying Mortgage,83.22257835039055,84.63487798664232,1685.8508847960827
67.84635490771606,45,Bachelor's,1,96.7812136991523,84.71574570031078,Married,Owned,6,45.30147503801884,10,25,75.17989445187085,1,32.07644140217002,38.71553940539832,62.259379656269,15.813264571936458,6,44.75422354662742,91.70217118805564,46.78699136339316,27.504025894073337,14.182882868767487,No Mortgage,53.21574849848356,10.715669692692343,1749.5540821347417
39.17277636311782,8,PhD,17,77.47216226093417,94.67911722816206,Married,Owned,0,3.7784221812246277,0,37,30.732518098774953,5,31.694528863558546,65.4306321534056,8.003256976593665,24.2329811453739,9,52.86858536788197,92.79690617870448,42.87514083413543,86.98123658139231,44.89554374782375,Fully Paid,95.98343813988768,32.913670555608036,1979.3376009579083
88.59236704168032,34,Bachelor's,17,7.268231558981486,83.67107205834617,Single,Other,0,57.69221385996435,97,43,6.044692298527021,2,56.51732562239374,44.789134484446315,30.926887879218967,,3,75.70118677473603,54.38936964926411,87.68477741541119,54.35439146494421,23.826241333993003,Paying Mortgage,55.721904493004395,20.684103814356124,1913.2318114406319
62.350780995622216,35,Bachelor's,0,72.64413581074167,9.553620763623716,Married,Rented,0,15.994080236692865,32,15,75.69947594896556,2,50.98740563064028,81.08205378381513,43.7078082757475,12.388056529556192,9,95.23013846011067,79.29936513925114,57.870064769224236,64.68056603490969,93.05620270355726,Defaulted,33.13941389426374,97.7241565000449,2255.524701573901
,32,Bachelor's,41,14.90956786714339,95.7819323813259,Married,Owned,2,54.78708106372198,76,8,62.55895834697527,5,21.10383302086154,7.433087235358016,28.891431580381177,62.7439007682151,6,61.21498216133902,54.92512713778943,27.302879567585936,24.450749734442525,13.705968353658127,Paying Mortgage,61.64793585412445,18.651101250405976,1776.0733352140546
17.720937982123953,37,Bachelor's,20,,26.197556427851755,Single,Owned,6,84.75647962784947,29,42,18.595344539102665,3,72.27620328396968,26.751185735386663,82.00593657462537,99.56087115144261,7,47.30351250837003,80.2062559310803,78.89508965412335,75.99971583309684,34.899493530191094,Paying Mortgage,59.49683573414703,97.39405835732572,2079.353047827529
32.75472709384929,42,Bachelor's,8,67.02636868275917,46.3511480358551,Married,Other,3,11.355454384349384,34,26,60.79711675981625,2,85.22365249759109,60.13676269900664,96.08555767847797,67.01854674112076,7,47.378336230782224,64.84975975472041,2.826470104997769,1.4910264154807895,12.94030005985679,Paying Mortgage,42.95491235206755,48.74404737597884,1708.8469961201479
13.802760893789678,17,Bachelor's,29,1.3659883435292008,7.764791535329074,Single,Other,5,62.81826045103551,23,34,61.40311984486506,6,75.32134387388773,55.340002683341496,36.22929983164862,36.50512775418054,7,3.92435760405464,98.7982644420261,66.43754108515623,68.11376990723905,3.7997837304742155,Paying Mortgage,48.4778060090447,10.577890689406699,1671.5109009747196
27.792201076935907,39,Bachelor's,41,7.268215584081094,71.41215274023057,Married,Mortgaged,3,43.37844022073727,23,44,58.879452918022956,2,44.967985088515725,80.56847888768924,16.161606073029745,29.28356224602604,7,31.54892064822239,79.2501681861466,13.045348717736083,76.26861704546086,6.835171485056623,Paying Mortgage,89.82235188321621,58.133921693229865,1773.3983318495345
35.182689708681146,23,Bachelor's,5,99.15977755299852,98.32159866537458,Single,Owned,1,68.24790662368619,32,7,7.3360759516919565,3,,78.47743211627893,48.549589116587256,33.54766105608697,8,55.02955231831296,27.126858648317675,61.49341779171474,97.71877391324183,11.131432147755016,Paying Mortgage,47.30945380993747,96.86138153459295,1621.3613866666067
77.18097762699956,39,Bachelor's,9,10.28328160641574,,Single,Owned,3,11.34274267458415,10,20,97.0076618910001,2,77.85530255185421,77.61394036915222,53.507374977921465,79.74889777130171,9,,56.11101087684007,53.350858613451344,,98.1727217381659,Paying Mortgage,76.33906784413597,9.976300403813354,1882.118975566575
77.68313694482886,37,PhD,36,61.06427509216448,11.925016768146657,Single,Owned,5,70.71375179356865,39,24,60.14711008812073,3,38.916461651348,48.7813481807599,98.98674840378933,21.39228704997177,1,29.18231875739673,76.51115104398498,76.40126256657207,29.244546099739587,8.13903166329829,Paying Mortgage,42.74505332424855,41.03375943357709,1730.754858295419
98.83898786398629,46,Bachelor's,44,49.10679496535785,59.91756352105778,Single,Rented,6,58.95053841754254,62,41,27.399060047259006,2,95.86906539117554,17.239614329845267,71.96639255967115,,7,35.12196306675697,31.387937348376493,68.42096705883705,21.554328510454535,41.965474485900515,Defaulted,0.8304841123329743,97.00573600380694,1945.3959517265232
43.170297865641906,46,Bachelor's,5,20.09740327912396,79.00741269632748,Single,Other,3,19.46296472032246,98,38,,2,10.557564221946336,,50.049489507661384,79.3229678273322,5,65.97315322607571,32.35776040395118,34.12020723921535,66.19177301579263,46.699941953322025,Paying Mortgage,15.591850966282706,78.99482697670385,2043.6156066683732
6.423524805742087,19,Bachelor's,40,25.267962773934904,32.71916058289129,Single,Mortgaged,1,77.36366450057608,46,27,33.73295311034148,7,5.021312145757273,60.868876052931796,15.265298000060701,83.05833251144513,5,28.15538627281957,84.0888976711485,5.014402307181021,39.66087993343448,37.00035405750314,No Mortgage,91.17543320014771,75.09283935167223,1745.3935866065328
6.392316419193877,21,Bachelor's,0,31.294561734835845,57.416199960958295,Single,Mortgaged,5,20.562947553228128,45,45,26.08084271927763,4,94.07170796391084,66.34583230160925,87.12729076173946,82.74809597570061,6,60.01239399394965,15.62613398113556,53.552588269559955,,74.37368149524455,Paying Mortgage,41.12273626316605,26.879709616697756,2028.1381367137813
99.86984818412868,7,PhD,21,97.10724586278197,97.92381683199845,Single,Owned,5,97.20420941766236,10,11,57.31279232725647,6,36.66671778746331,97.78959877861266,43.44201381183295,15.044855077321628,6,67.90371654224398,83.22257805043787,45.87682899565929,59.36068260491675,26.734471215885335,Paying Mortgage,98.59719439503436,4.905357258779386,1973.5295007370119
88.65306707051678,6,Bachelor's,5,48.33543030588989,33.16902516733856,Married,Owned,3,61.44100093171658,23,48,0.6087530975590005,2,99.83069303819882,69.4965268818639,30.839459196514607,87.68585830261716,8,1.5415166076539255,81.68604805410224,30.052675723849596,14.967346458360108,22.633083973707457,Defaulted,42.486792706801104,28.888729937422674,1754.391773303035
17.22183222070327,26,Bachelor's,32,29.59369676715412,24.480896141213336,Married,Rented,7,60.54003719533442,68,29,33.03110053968466,4,34.94476407836283,21.262318961931303,37.43361536967396,27.208415757797766,8,83.01389022766536,85.31113891570364,21.975030016687946,6.477219952520175,73.88274373511796,Paying Mortgage,39.343548943686024,6.413525223738326,1683.860231060048
22.626958475843516,29,Bachelor's,20,33.59138451066895,13.423841909374357,Married,Other,1,54.20965091983187,84,30,1.6539449289876607,2,65.49053021178311,,98.2482651061107,,5,,86.3957028115023,32.135230581522535,98.95648082378068,15.76886720731473,No Mortgage,79.28445338371219,43.26424806040359,2029.4681864450636
46.80840601876467,48,Master's,15,5.45396606751507,84.221008021026,Single,Owned,1,59.16688205935039,0,11,18.901706733455427,3,65.32715658327437,5.3697187939374285,31.340556147455633,14.943190214201907,8,66.17651547273958,72.11358535990435,25.52312169185654,8.924975163658399,7.868365694189783,Defaulted,,21.772903424702463,1456.409896480172
25.67416013415493,10,Bachelor's,22,64.293120816076,86.11302430447813,Single,Mortgaged,4,66.24299734213518,53,18,63.739085037329936,0,58.60163774782966,77.86013587005564,24.870715596646786,67.8182584589068,0,38.57323278998332,77.91041873386466,72.47893011954353,5.952619687182247,58.15083096240723,Paying Mortgage,96.73191722305911,81.14075027006562,1882.118975566575
10.97238012471201,12,Master's,34,3.490585907310928,54.16415078330531,Single,Rented,3,91.5076765278806,82,21,26.3572950918601,4,76.5063431365564,94.79170789344971,71.68372067339025,88.1466764879556,3,38.765990055879904,42.57616149303052,7.532143216740483,3.145719524602608,69.54756041890774,No Mortgage,55.22150680546295,55.76612476224163,1757.0028112763064
27.73758133333014,47,PhD,38,82.06753834010705,45.11640036875959,Single,Rented,6,89.04222037791652,3,26,27.870734562070865,2,64.92427328379706,8.170395960222876,13.537859601110114,15.567612554197542,3,73.54140255070031,85.96439105653961,94.06365508062432,20.17045573864418,30.977248472404906,No Mortgage,35.87615674661377,91.46651074237494,1816.937753426467
57.511256693936154,23,Bachelor's,2,6.419548599781432,53.792303126788575,Single,Owned,0,,74,40,67.835062945502,4,99.19266183081108,34.53966620635961,41.104078057461145,,0,69.33950025983778,91.7045590154476,39.460495166124055,17.984444683554123,28.509949938299407,Fully Paid,29.065032936536838,23.357908312186627,1799.3303989051865
73.59844887570796,0,Bachelor's,34,26.62282863174682,60.329151061201735,Married,Rented,4,34.65779878757792,47,32,,7,,58.28693611920428,5.166217582898969,33.69268749640384,5,29.43481665153781,76.33080771801298,74.54670382070553,24.582713263321633,72.88221800927455,Defaulted,39.745392566702684,21.042048374151822,1812.5624707029906
52.12708068918691,42,Bachelor's,17,68.275692473352,42.720302728183455,Single,Mortgaged,3,81.39839745733086,61,15,83.59491109115683,5,13.696512380929482,48.82411294334305,25.88887419705045,,2,14.088512057039871,87.70272712616372,18.097306397800228,79.72590256481075,45.69803596280049,Paying Mortgage,15.823926267421351,16.76142561466294,2036.499703599981
66.18905547009003,5,Bachelor's,11,7.231057477279146,74.37673473735441,Married,Rented,0,8.46761552426899,90,19,92.618892143945,1,82.85385759270494,56.97078505699332,30.60591982161759,21.779911511642158,2,62.8495430089062,17.265653583239892,25.864023663732162,46.80608627954644,23.305009852461556,Defaulted,92.31760284563299,74.80893657031264,1843.906881612405
66.64266141489131,8,PhD,18,89.47104554268655,24.853600201283633,Single,Other,1,37.189599954117604,13,17,5.441012775017795,1,83.70077958031172,37.3315406365941,87.45764767182007,21.33465745601265,2,15.07369930311684,62.05591954189986,41.986959087030684,61.32833468418987,76.16749053941835,Defaulted,62.76303549017879,93.52503143943329,1730.7576223767007
29.90643096088431,35,Bachelor's,16,17.853290453971482,37.614731001049016,Married,Rented,1,92.44300917842622,48,18,,5,25.03730507069777,,79.90103713523587,3.625489544152738,8,45.49066028823972,,29.272443783977188,17.435670765087163,79.15739089300278,No Mortgage,41.36447548453982,95.24206947534563,1953.9088318206811
82.37976154350342,48,Bachelor's,43,55.87234082125524,5.804633701850381,Single,Mortgaged,1,82.49469294605575,32,48,,4,59.2486404631925,29.778707322929886,5.549072107106068,0.25275498319089484,0,79.22507001640182,96.14313123833371,42.696619928121926,51.268395344994275,14.684816907342613,Defaulted,14.465490200697683,61.12143311988301,1627.9070782125877
93.32586675808538,19,Bachelor's,2,37.5497241321621,11.074850783050906,Single,Mortgaged,5,41.75228061075303,65,41,40.059537410527234,3,27.072275819598335,85.4000823496369,57.16397232701479,45.501103230695726,4,44.9727308323782,,94.31631278533492,88.40701094157313,8.3902541828198,No Mortgage,22.505834551467206,41.07770895242906,1656.701821662411
87.68479982514565,2,Bachelor's,20,,62.451801536434715,Single,Rented,1,95.98434267385186,40,2,77.89885058996087,2,17.870612093260885,58.49361183390478,66.52041034810672,71.27180029585496,8,37.11741206891131,7.53548962288918,95.83485836309423,43.50119274374752,62.325750967313134,Defaulted,54.65137087012035,20.52575297362701,1958.773948466186
75.51430501161414,30,Bachelor's,3,11.393818312798532,8.395166149978383,Married,Other,7,78.36227424434298,51,16,97.84566721842839,5,10.692560244724481,49.37988957157461,87.39980116130832,88.72910017773295,1,88.62957447513998,27.14842174998585,3.8972363968423074,84.77902703628743,86.38667559882083,No Mortgage,57.44337572963584,81.31202726214194,2072.1112632524323
78.63095527102799,39,PhD,6,99.61468309333384,11.65446099986326,Single,Rented,6,61.3072309882715,47,37,21.34615161389688,2,93.94808877148755,42.85638378056973,35.836763233239836,44.05366481233782,1,63.199134413146886,80.06928009167311,45.210220576431425,81.74809350901403,53.372066135208065,Fully Paid,65.79508281194141,71.77222547434914,2152.3486937623993
55.80489756294875,5,Bachelor's,28,28.26256059514931,67.34208002468705,Divorced,Owned,2,31.00218462161024,21,38,8.536877932656529,4,84.942226945489,61.58438944212358,29.232951584263343,42.07602077764607,0,97.32607433638994,89.31387183794335,34.24328083823768,99.81978792878576,0.3504663531058272,Defaulted,82.38405151711939,19.946268683305203,1673.1801015134176
6.076926839624086,23,Bachelor's,28,62.43355265512055,23.762121756042042,Married,Mortgaged,1,32.318978483179336,70,6,3.516071328863868,0,72.78558680501467,18.37389258424279,51.148676920883354,9.326012018083174,2,34.396061358356754,90.81320565606308,94.48756419105443,0.6128647313680791,46.4135187198732,Fully Paid,90.86927663029059,51.84075447345759,1697.3129208591747
7.494401269849682,11,Master's,4,69.29091515680808,86.76188661891324,Single,Owned,3,1.7172990662369547,36,1,68.91572317245083,2,96.56257228375925,16.093701120241843,18.1247806066155,56.55389146196601,3,73.94179136658656,18.10503604721475,95.90070867644344,63.873925628923786,84.70469188705549,Fully Paid,41.427684758988256,97.7182906594996,2006.0769991769344
58.212137081983606,36,Bachelor's,22,54.8938678518675,0.351085091065062,Married,Owned,2,25.475879519984534,36,42,9.886633845601466,4,67.39444490730234,53.73348248430777,44.41442022201196,63.443994116835235,2,42.76929091162046,64.11194650519793,95.35722238351588,83.96244958615607,42.600081050240945,No Mortgage,17.707092191593976,56.05221848950899,1754.530894229498
98.13282911384428,1,PhD,40,99.88448271846312,57.92200352275578,Single,Other,3,3.248132203589471,27,29,28.821758295586697,3,97.39355741044274,36.164532775501954,60.13762114431604,60.998149281447155,6,91.46957435212147,67.44410713668685,40.373300410493016,86.2380384524274,18.10628991159644,Fully Paid,95.05503719437563,62.53976298804127,2110.927131026743
81.69684504748761,15,PhD,4,27.29217275327368,16.966108125671887,Married,Rented,6,0.4101450430167075,96,19,,3,35.6089673754747,16.983943330124795,10.63058213129514,90.67423725725538,9,16.41144395957903,5.452255887827972,,46.16591807614153,20.48212470758545,Fully Paid,20.08707356916577,77.42605684324514,1765.0039600211228
71.25779432472608,13,Bachelor's,0,96.953254153502,17.3639312625412,Single,Mortgaged,1,,47,33,54.244580607720685,7,20.601740429137607,65.48313583940036,4.339669415605185,6.641640448143493,5,10.493918032794946,2.2346788426857334,17.151299764802218,56.48491709995744,70.33409545189325,No Mortgage,66.82594372081745,18.247633109922933,1655.5077833294745
61.34574266312571,41,Bachelor's,9,93.7816965232562,0.4281757836103628,Single,Other,7,28.18256790996847,9,11,72.67405652293196,6,61.074849495430946,71.5850015526811,76.19697445971535,26.28142745529417,4,0.18727439191685846,35.06492829540186,24.14642281992161,6.231772504918565,17.952829249366676,No Mortgage,91.48783806173704,14.026721345916894,1655.4391251182637
53.764846398767915,9,PhD,9,31.87983617505512,5.127033246315326,Single,Other,0,,43,38,84.16917680970037,5,73.42183395288689,75.7482324740119,41.92000072707345,29.730059922563935,7,9.32139258926985,4.593003222908997,11.16031994518918,18.714503146222615,50.4176820338043,Paying Mortgage,23.564233199968697,93.51620107467781,1882.118975566575
95.49079089350035,45,Bachelor's,36,7.268391100262306,56.88187317664949,Single,Mortgaged,3,50.81573065601476,18,0,50.911369248887915,7,82.49384798173975,50.45769678928006,91.64683486660566,62.80834765714355,4,14.830173480774711,85.53361303023146,,17.023303243833055,18.976355814601085,Paying Mortgage,3.2215360450372876,46.25349432957061,2113.459102871998
31.347528993410158,16,Master's,36,42.69020873228372,98.19177845014141,Single,Rented,3,23.40762039841152,71,10,27.046910561650883,4,43.23477383381316,82.74457359796132,2.46636882980108,67.5323526807166,3,23.692786151118227,,97.51019011002003,96.22780601524632,23.492919302914327,Fully Paid,14.828253789591594,70.20356684821422,1879.5166688458025
72.57588754532756,17,Bachelor's,16,58.076109195225314,48.36804457578665,Single,Owned,1,29.34785773590144,26,9,34.685701092888955,3,18.64138471663268,74.67704446194291,32.546898867662264,66.82370169773438,1,58.11853427321135,95.86977413653985,2.1439866623113257,73.86526505881422,95.8786643940408,Fully Paid,16.789269180501332,32.68203062517321,1806.2426903481007
17.24518398764654,10,Bachelor's,31,53.95065739842955,69.09205700711951,Single,Mortgaged,5,6.466554385057066,47,5,95.68884426329663,7,40.451640311513174,29.151385834435338,23.440574440825902,53.25148697565201,1,54.92750081282486,0.13336394907920157,32.38496307458448,21.993431383058127,97.12187899607821,Paying Mortgage,34.96533804622377,9.284508653062051,1886.4217914574983
51.6800594690624,21,Bachelor's,5,61.57925521013854,63.37884195450022,Married,Owned,5,51.27232010735522,45,18,63.634431531808936,2,10.33004778132799,19.764778111961533,47.96319561995268,88.75889907188584,6,68.15350002084708,33.90285497439097,57.141139304423426,44.73798226380674,65.91299126231607,Paying Mortgage,49.33002162389592,29.599262514396695,1951.451270321375
32.61850612779092,46,Bachelor's,31,,86.30269481496236,Single,Rented,3,31.001635582184896,35,33,4.434686195360116,6,67.94085575951298,56.54434995653427,43.628935929369426,53.99482272213844,9,43.07166216080104,50.1702984176349,90.11891219546017,26.083516280397635,86.78285021649326,No Mortgage,2.0340831067600984,72.46313368993937,1903.481303319293
3.555187754905509,49,Bachelor's,29,25.741123019670543,38.14410821056089,Single,Mortgaged,3,62.11334068483314,47,31,47.64832078552704,5,24.71450700302933,1.7565455703966948,61.9207925029823,45.79094069647154,6,89.9339409018403,96.99255735659435,63.4453139755603,76.40555898524384,8.380843348716427,No Mortgage,73.32048049529766,43.13654563880019,1905.1855815044325
44.59652704044057,30,Bachelor's,18,62.69162793138956,17.37988571352397,Single,Mortgaged,7,88.89916385563323,17,4,48.10671908474736,4,0.7252428015144474,98.80679419611499,65.88347003588382,36.54061309015568,7,26.655012045428695,34.48737836932098,64.90444672682139,88.28117988673708,18.413002308118486,No Mortgage,12.155662951826907,21.49922235883912,1483.733322832577
3.7175288049645983,14,Bachelor's,0,7.7665861778353555,95.97268380389613,Married,Other,5,22.012942083576416,68,36,79.69115657426298,2,77.43985370172555,26.245630298489033,32.859216302805486,10.790571722297615,3,29.100336340028154,52.062246517145184,39.13328364661927,95.99281205835015,33.50491709384824,Fully Paid,85.541615463118,43.560649748096594,1882.118975566575
37.81718144529312,24,Bachelor's,30,22.71263655918656,88.83077474377053,Married,Rented,3,18.83947674004922,59,39,17.197040184354297,2,83.28430928668375,1.9231703456760174,11.220136676564286,99.05652127567348,8,97.55431937239534,18.253155100867392,36.109444300733564,75.28694445035707,,Fully Paid,52.98991758050076,84.34404436647402,2115.6639309356583
23.49485628333927,44,Bachelor's,14,25.054442427132017,33.38420643433858,Married,Other,1,68.59292207082196,86,19,0.8100941647322446,5,9.372486605971641,78.09331797904943,99.1507688278502,53.11987942415115,8,23.731416089475154,43.75977437537936,85.60953322363837,16.742294774625122,26.55356056137621,Paying Mortgage,71.22488918440139,37.58839547956738,1659.6535582085658
92.77322797830038,9,Bachelor's,25,,65.6413134229673,Married,Rented,4,92.99847831341347,79,33,59.26586478854466,1,94.5737959402294,74.75746360541103,73.0542631496579,4.635326943427954,4,46.699145390181485,92.78422666061945,25.734198818953224,26.983345329109433,41.13462488815004,No Mortgage,12.918391780874948,85.74148466508008,1842.2264586793242
55.82765244039158,36,Bachelor's,28,54.77374443242739,8.321770274007045,Single,Owned,7,30.275537061795323,25,37,79.99470485848819,3,30.418247762851614,46.90144305527879,87.38197762800523,5.267333182969713,8,21.91843456523317,67.85392442143758,58.255169638460025,55.29407481892521,85.93602247528213,Fully Paid,34.7028025325636,53.825274634476564,1961.1259523752615
81.12888539460398,21,Bachelor's,39,18.89138564336954,75.89864404434826,Married,Other,6,35.64178551577876,55,40,42.90479939721157,6,45.58825884241029,95.32548557208342,85.04529177837904,14.52328690763438,2,93.35243127166306,52.674974988074766,53.783782314930775,78.07179957065223,,No Mortgage,96.86629131467376,67.21486869324072,1886.5025022477423
,13,Bachelor's,31,29.537700384061605,2.1388846675079787,Single,Mortgaged,0,23.7131602383323,42,42,87.9184917779098,5,,,24.345401197176574,5.218499196636284,3,18.669898487717273,19.84007292457164,47.24603288539476,49.16133448403307,1.8434209700741944,No Mortgage,37.81548185607417,68.3730693510539,1401.152555938369
22.841845683193583,42,Bachelor's,43,32.60705023271233,13.355826586348352,Single,Other,2,42.46834916969604,3,48,29.819729815092945,4,60.21543061264543,45.39329617429904,40.793537105429635,49.72454801895633,4,89.27933564206599,99.83031557339584,18.148712485869865,12.038296477461973,14.357746344859523,Fully Paid,66.14408384507747,84.79241622784109,1740.3769487704553
75.18263884262532,44,Bachelor's,23,51.27364702852252,47.56509844516367,Married,Owned,0,61.28547739633638,64,1,68.17968112843865,4,24.167122597260104,0.141822013391546,55.99641471458432,59.0655226608641,7,36.147833409427555,39.41332428283118,20.17995813421902,7.053429523732191,77.28044928617406,Paying Mortgage,60.890486103003795,68.77730355454815,2014.1488986512002
47.12366872916477,37,Bachelor's,28,89.60155229616224,86.15642842499565,Single,Other,0,28.654739855381706,55,37,88.87160946127463,5,31.52386284010211,94.12195287456574,84.9517666192678,84.3668375419441,1,78.9438398815455,17.93533592645519,57.32229575562437,98.38459228475458,29.095843051796166,Defaulted,49.047840720806725,3.980568322208733,2028.2113112697923
76.30193978156674,16,Bachelor's,8,94.68673974959648,29.17238871803609,Single,Mortgaged,6,71.19037424413051,49,47,11.002124299147663,7,24.691649510879042,97.71453328004058,79.65809400151474,41.29920601928876,5,78.5331691138784,,18.93337534970705,21.15205177442274,55.68906382730944,Defaulted,31.431487872469223,8.46698142752894,1714.3900042145178
46.45384635244192,24,Bachelor's,21,94.72270273467109,95.41537271191778,Single,Mortgaged,2,21.198152079926135,31,45,78.90739828816936,0,18.596322405813183,90.95255593623295,82.78703795061737,16.36418413279237,7,27.22475363704713,8.086974583210605,65.68223065142101,65.38046593843306,9.49320095656181,No Mortgage,99.28144622555386,67.84266670087369,2030.6020310901026
73.00751666033291,21,Bachelor's,27,24.889838519319195,23.45441007480531,Married,Mortgaged,0,82.03450150475304,46,1,48.16823224551921,5,97.77235118726436,79.05921286504129,49.01114766364554,8.658735817935026,9,75.87637507018775,19.07172530047453,56.82083407874908,81.4210898382868,76.82477776463163,No Mortgage,87.93234248697198,93.76821021594702,1734.3698680073896
40.552115520353595,6,Bachelor's,24,99.55202282643788,1.367765110464414,Married,Owned,2,22.252978249888578,8,24,69.34258420162735,1,25.283378316516124,62.886058534450214,,87.64856130873655,5,96.48829941638532,58.13848953365112,,80.85132732604107,89.46676243140136,Paying Mortgage,96.59029918658109,47.35301628464783,2135.3891593197154
,12,Bachelor's,27,29.1658770500937,12.325561995088174,Single,Mortgaged,7,17.441054321641502,25,25,48.833814399531875,1,12.130470456516363,17.551145246549616,24.71747445945176,97.37482141179605,9,59.899009063102646,24.15428127159779,49.045952515748795,7.411917438595806,3.474214592232694,Defaulted,39.86592875184121,13.688031969182768,1389.370651182683
68.76014289207338,49,Bachelor's,5,96.29759423644857,83.15349724468753,Married,Rented,4,51.210385546379925,16,42,13.101455443361443,5,45.62400440533355,53.11446325646638,14.6375938668157,13.977166109349447,8,98.50097478294462,9.625058323772562,28.573142856578126,86.94591165378876,,No Mortgage,52.428598337475115,40.82667739264259,1811.0795314374263
30.968056435145584,29,Master's,43,72.37952301747855,,Married,Owned,5,46.006623895795094,30,14,88.22124118173134,0,6.662208736746145,51.60508223417928,34.59724878070259,67.22253805471749,5,48.5608317996847,46.61902301555338,65.45848001914602,10.349750359356769,25.350618892501465,No Mortgage,66.99426133637662,1.3444043983416254,1950.0040784704079
20.462547255901985,18,Bachelor's,38,29.217680338204488,93.10285962775626,Single,Rented,3,12.274005467462047,12,25,,5,83.8149165376357,51.57361883740449,37.699323536663485,92.18454995477849,3,85.61302203530458,23.08177851877816,84.87363277539679,13.91966134168856,58.02189636905405,Paying Mortgage,47.35396468988905,74.65666738033929,2162.070232803651
80.46716178555585,23,Bachelor's,44,,,Single,Rented,7,,3,33,59.14499314430248,3,89.42280427402468,7.01966114077136,98.03220727278259,61.6291790254461,8,67.90690989769685,76.33812597835626,42.934278337077444,,15.073240729647031,No Mortgage,9.349236158398977,21.087784060735217,1734.110206521841
23.8728811911145,41,Bachelor's,42,53.2398687226913,89.86930538021608,Single,Owned,1,78.71011325358738,70,48,40.19201869926765,0,35.0718509454251,27.33839181137786,,93.35018767024349,3,76.92312035414378,72.2727278044627,96.39534253882871,93.07112223325436,76.22325620441929,No Mortgage,20.426755323351987,,2257.261787272417
76.53519939196538,39,Bachelor's,19,59.96863142280594,33.217345953135705,Married,Owned,3,84.27191235394686,28,45,37.908672304885215,0,28.384614834613654,11.929958060181246,10.280856173585395,7.748729013574951,9,18.934772362985864,36.124279404101046,86.20177161300168,42.433813979627566,91.56913500516376,Fully Paid,39.88366148397557,75.03889270907015,1600.586183029546
7.3175098768002105,8,Bachelor's,3,79.04152503192103,91.62708373435315,Single,Owned,2,,91,25,,2,20.87425334283899,94.42661596555509,1.9304416717866646,96.53887036634296,4,81.94380817932682,27.59225530681031,35.07023274307274,21.675771132198495,58.551404248107964,Defaulted,65.73930394946632,1.5647317942065975,1890.9936829759279
6.437488351503962,9,Bachelor's,36,88.81779103783826,24.481074006090076,Married,Mortgaged,4,40.90077367362732,13,2,15.280580931828325,6,7.361826153368167,18.96963648501283,33.78538856953037,7.787006430636634,9,91.12697889835111,1.929913222698476,65.34319241743621,38.44089309151849,67.26487394323712,Defaulted,22.349875435464426,84.72094875733886,1504.0716673343488
49.19403826093567,32,Bachelor's,8,77.04893585012962,96.59502051125735,Married,Other,3,88.02912630134301,32,29,21.06455976355367,6,17.984814840919917,,93.13583672064593,14.609069977308609,3,59.295427292740335,,32.59790437688122,56.298150451526574,18.717860898849025,No Mortgage,97.21565095347499,21.475939996247206,2033.1051579414102
18.69119647905759,45,Bachelor's,28,1.9879908697280402,,Married,Other,2,96.8901717114038,71,6,,4,89.50327516051695,69.93788657332212,73.5115824840396,29.04109221422465,0,78.29846495760292,29.670628916989962,56.27700708015316,24.935231090670197,81.69833808090694,Defaulted,82.94466397616644,60.27298005076018,2075.3186475591738
18.690953482707727,4,Bachelor's,32,35.15280415968803,6.331924697232094,Single,Other,2,37.12276477574306,35,17,72.92355094683607,5,11.396198135815228,65.68932346546846,27.998754945409733,2.8801370569333518,1,43.354310280380105,46.71741333524465,70.48241653907162,30.884380914245913,31.528051310392257,Fully Paid,68.68212159922959,56.782609139958396,1536.9276023027096
34.942511269378805,20,Bachelor's,1,51.13245436611265,63.63481252670565,Single,Mortgaged,3,15.663418119051876,87,40,16.952016032946236,3,83.24894744194485,88.05824431209666,60.68314289137332,86.07285593880847,1,10.723580176952352,9.257606705209875,71.2604684254733,6.958178354357902,49.636437246630706,Defaulted,31.07035235582409,87.04051699420998,1849.4983791216494
17.0433201879996,35,Bachelor's,3,67.29504002463686,81.63977263615706,Married,Owned,7,58.63641413229526,25,9,31.518729015396385,7,34.71668396742926,56.18981030014264,43.338084811494085,45.89165242987353,6,29.615446826385792,62.73244695231713,42.0062669579447,6.1146181047686206,48.9330831624236,Paying Mortgage,9.875296868168837,6.9591847396308975,1789.1512505572043
15.363152039326666,26,Master's,11,46.82264040926324,88.83258147026221,Single,Mortgaged,1,64.2717154745558,86,42,2.3806043258343013,5,95.87432969084372,27.716061384419476,87.33694396494187,38.879511896140265,1,8.044320020933426,15.650789908045649,24.989319486736473,48.851835393082624,,Defaulted,44.150674328917106,51.81849423431098,2017.5331602276408
52.18157013832556,3,Bachelor's,0,0.17248221098407068,9.766631812612292,Single,Rented,4,89.47141047556129,97,43,,2,17.5454970196941,80.62096551724332,88.84317051440961,85.12888392975148,3,75.8673884686781,9.757916957626945,4.024477061925069,75.32364143087608,42.53552743286837,No Mortgage,9.72542158555324,85.56276815352336,2001.2316301833641
47.99830655289917,32,Bachelor's,1,29.78500112861028,94.9799353462003,Single,Owned,3,82.83229686418426,82,22,20.942838613893354,2,6.078116862940341,89.82797075437949,30.4443448990374,50.01480831643993,2,17.18345569169162,35.81468664016931,19.293443629279526,20.388647546052386,18.705683602638036,Paying Mortgage,79.79313675113156,56.8970033761241,1882.118975566575
89.32065885508419,13,PhD,21,44.945919318374116,68.93388222000829,Single,Rented,5,24.522995823167882,1,21,6.513723867089594,6,,81.36360238018307,0.4481693325528835,50.1232726678408,0,15.540112873901545,64.97907275126246,8.411009930968572,18.132585610431317,,Paying Mortgage,14.586912695389609,18.52233308309379,1809.8603547768082
,23,Bachelor's,5,65.37896508367228,43.80317831344696,Single,Owned,4,4.884162332074393,7,14,2.213327555811806,6,58.237056315834856,98.69036664352556,88.6932396317172,41.08431774809097,7,29.68520342799851,15.240692003788137,,13.228370800960542,11.411475718677854,No Mortgage,30.666863031311642,96.15789710389159,1451.6169212565794
57.84732510018857,0,Bachelor's,0,32.457865916527915,18.288765089655268,Single,Other,2,4.490949650873155,42,18,36.38803936268833,2,45.65117567217902,27.16946161692593,35.190505575866084,9.43126514627476,2,98.32576109615698,32.88330468811903,87.6429274842435,84.31991416236852,95.20584182972107,Defaulted,65.95968270588149,85.65844442274576,1879.7335549767647
7.564468065734964,46,Bachelor's,31,96.2075378037223,77.96343561334791,Single,Owned,4,52.31780098395007,82,34,67.30091009630523,6,3.562979539013933,93.56551294095445,58.61203488054969,29.814297114814025,4,82.95231655007547,,81.45079681305315,64.50826919667863,36.60153875918759,Fully Paid,0.8554770118170185,83.36075586882403,2295.0005456297877
8.743269749364247,13,Bachelor's,7,92.67128453077733,3.161501127124211,Single,Mortgaged,3,42.98176981413819,78,2,2.9038782659774443,4,61.26685297394794,80.61118176584048,43.779953127477356,55.45806715356244,9,61.05061740418192,22.476023765881948,61.30520258694786,62.82794590652136,73.41069808811267,Fully Paid,96.9242130458038,19.728830871706847,1664.2200593821326
95.10906795670763,3,Bachelor's,9,38.0575941378107,76.93791464631727,Single,Owned,6,8.827819296840945,89,2,85.86495789026309,3,,71.95016550477659,44.21037462077789,65.52324845763441,4,32.25592366332683,42.443388885757905,14.556775865250115,83.11389644353827,34.869789536163665,No Mortgage,89.40546127021446,49.66238140631714,2006.5833496982023
54.42539093508629,45,Bachelor's,16,47.321502991810505,97.12962274285455,Married,Mortgaged,3,11.432311411912522,77,48,77.3418210905363,0,4.011657828851545,98.54373843696602,34.04506955436057,31.197154243242075,0,58.50998985449861,21.487117384913457,88.90962427162395,99.33608550547433,8.667856115083072,Fully Paid,39.0515697684394,52.407244650670435,2070.2910910771107
91.48159757649807,47,Bachelor's,21,8.051655859151186,56.1797852662138,Married,Mortgaged,7,40.522578292933396,83,20,32.8308710357912,7,74.6266061332205,21.90383616420585,7.189941865749605,71.56737768553396,9,76.60799991182212,44.52947723752104,,45.12054082123965,74.85589856706767,Fully Paid,4.9767196588575535,52.411154122695514,1776.3120291646667
3.28354290838776,46,Bachelor's,36,93.24504210806433,63.06084716506094,Single,Owned,2,23.115136756267706,17,49,,7,,,94.19105448514799,87.69888309739855,0,,34.77397822959257,39.98586951372155,36.080682624575125,82.63592101750041,Paying Mortgage,52.36943322446882,98.24473570470747,2144.5243792105985
5.997927219151644,0,Bachelor's,5,61.153159461477394,23.946477953446678,Married,Mortgaged,0,59.81938785178935,28,41,,4,59.964014406896624,56.66674537501646,65.41683119919323,30.774951660782023,2,76.08075414310771,85.0780382630682,25.700623222243223,,49.85692169635553,Paying Mortgage,65.94901710876519,4.1603233355321345,1661.8486415674477
72.1477082734017,6,Bachelor's,37,45.12153132783963,14.908974876824777,Single,Mortgaged,5,,94,3,85.23554603874851,2,33.52883170794706,98.55404806740391,52.183304849484976,14.06954238607463,1,48.194427939272074,4.247091048841134,46.25339853783005,41.894084208012764,77.93362653194869,Defaulted,98.25487615395994,18.076991930090315,1981.7615350051324
59.09866849681349,8,Bachelor's,9,81.91386377516322,55.57035407203013,Single,Owned,5,98.9206525798093,99,15,25.35497759319092,0,27.173851648448167,76.79375516180112,85.29243581784498,77.88926451025718,9,51.39665125226456,70.87042892136465,39.08335492672218,84.13083514997018,67.71900939767855,Fully Paid,53.59359931290712,88.52289842111726,2365.2551539939295
25.201473367905248,38,Bachelor's,4,88.92140134241909,34.63993197628523,Single,Mortgaged,6,51.61245842024867,27,15,11.984066154120388,7,77.92031367651079,19.07482637058028,69.40199458245654,60.263292128563485,8,27.320350605023247,40.89865037338344,69.92427352454739,63.872340881700595,,Paying Mortgage,75.79377396061659,61.78591540622559,2010.2561148375207
78.69900833848253,33,Bachelor's,16,82.23635138124305,54.627910479028394,Single,Rented,5,69.74990360370946,83,17,68.4544433031324,5,98.42497664912904,84.16752092714887,,33.02152251600275,3,13.710318807432865,53.847597666270595,14.588924648328728,55.30378439896012,64.87218801549056,Defaulted,49.854487833129326,87.56533876745858,2154.0048195036607
10.856314470280937,29,Bachelor's,3,18.557460274504777,76.50431899704897,Married,Other,4,2.225035192633096,11,28,16.810254980518003,2,76.12714296253603,95.42313574764216,37.143395064673236,82.94002201989358,9,80.71797702024911,65.7494059256251,19.274350721236843,30.250396035141158,13.1770888597036,Fully Paid,20.36486411232774,64.39979536304735,1661.7322310739462
99.45051042205587,1,PhD,12,,50.600533476693755,Single,Other,2,5.602913324891368,5,5,30.729364324229312,5,13.429696439518668,93.26299657393596,89.45212435499349,18.99965092022845,4,61.34927718519796,9.568620730590627,35.456782111615084,25.11122868190061,91.55167287166967,No Mortgage,57.98327412668638,52.03463368715742,1869.543120337326
93.07257945453972,43,Bachelor's,12,16.05578107631702,67.67366986798866,Single,Rented,6,88.80803822588051,35,39,59.36750743979018,0,42.74310711602143,11.339832734490873,43.372706264601625,45.729979799689794,5,,99.14018630496115,24.413682080690634,19.85524035370929,52.680291885593654,Fully Paid,43.982073783324424,77.18921463252545,1965.583309336466
51.66544007286027,10,Master's,2,57.06441825450448,88.41944712283693,Divorced,Mortgaged,4,35.31544022825378,98,19,6.525518912500594,5,86.84653412123686,47.20778346800132,51.42071744772863,83.58063696178361,3,26.514900221701065,1.6893355071518457,47.97001625335457,85.89123260956414,89.58346766901622,No Mortgage,87.95632376127813,58.004355529809835,2118.704389451814
44.46055992361009,27,Bachelor's,8,8.732737255846912,92.60813467869188,Single,Owned,6,67.3837961166977,83,28,18.66839259143167,0,73.05600808974653,96.54581784398034,80.92812643714332,,4,7.117679886367679,55.77047619066712,29.029748304403434,82.80549729692729,67.19878714023261,Paying Mortgage,25.47923557313042,,2116.2254933396584
50.124047742535325,23,Bachelor's,44,44.67215559898736,36.27366479724836,Divorced,Owned,1,0.13198689843296751,27,39,,2,69.244035251813,63.018556905457245,80.37549475691907,45.200828798708116,9,81.04019408589834,42.77011708192385,70.1599349899597,43.46023687179918,,No Mortgage,17.483691546621117,33.858597194157355,1686.3417100084903
22.417227674690178,35,Bachelor's,12,79.81708026178453,78.66130612179019,Single,Other,3,39.94003017782948,72,24,19.61393497338716,2,,50.403800762875726,68.34527434210503,58.793373303426456,4,28.45608397616026,57.547527788636486,,69.02107766994678,73.1967838352712,No Mortgage,67.57909636279851,41.469015416578635,2039.3676270983888
,41,Bachelor's,5,38.433902795852774,73.83916369360574,Single,Mortgaged,2,93.1022279070994,3,31,20.026615471799612,1,46.663436995018714,41.98387823550767,88.97137201243976,43.73612915626147,7,94.66387272149525,,68.44326895815988,46.789252813202495,9.285947294352127,Defaulted,7.547791442402896,6.860098489514566,1808.3873456762865
53.73838424393681,16,Associate Degree,42,13.721723161006594,16.051541528069123,Single,Mortgaged,7,80.89273072177915,50,3,6.931626137131685,1,54.38984207131475,73.9551148734993,60.500306133803306,39.21278549867883,1,78.07732348871895,36.37860515990571,73.60540144827897,51.297884191434186,73.86620535618252,Defaulted,92.1029516053802,53.51067800006034,1628.789839772091
51.150836476563875,26,Bachelor's,0,12.759123928737715,43.270491462654995,Single,Rented,0,33.775576149358535,94,27,83.8881080505121,4,76.08310300194505,48.53728951691942,20.108348840604595,12.442337690721327,4,13.755211147513968,99.82689762040687,4.918899023202206,,45.20935223903842,Fully Paid,57.135156570694534,14.997702415154468,1745.3149432692742
78.39123805872336,33,Master's,26,88.90421176901611,83.57874364522002,Single,Other,2,76.87347933788026,10,38,77.61165984135006,3,33.222776406628384,41.132269682326964,60.28447467863508,99.98051441338015,9,20.849447495426055,16.284657527909474,4.234974747641429,55.88172349183215,54.45720914888342,No Mortgage,69.5329406452567,74.11070416296808,1988.269811012876
25.909820538211125,34,PhD,37,76.08016717561019,45.272542662994,Married,Mortgaged,2,85.47783462955792,57,23,39.8628961644075,3,65.08834851238696,17.779833856524874,5.123954114642471,,5,49.96702437290534,74.67467725125942,56.266678065633315,8.330258311179639,18.55802367835554,Fully Paid,25.78642536448449,56.54033919505043,1868.7340817476274
50.39657798253935,20,Master's,17,98.43813126186033,,Married,Mortgaged,3,70.66877084605436,68,27,83.20620967541508,0,77.31386728852775,9.993690656861954,88.1189236894309,30.42045181350037,5,48.750227862027984,36.630314526233896,64.54418331834965,94.7522980551238,4.126974737462186,No Mortgage,60.908165502101355,80.73143007690523,1938.2997337674722
38.38749534342776,47,Bachelor's,41,53.4659566749085,2.0194923084332905,Single,Owned,7,58.26009367844994,44,35,49.56613440350883,7,77.58614386586518,8.398950138915895,89.03091977745643,47.17671511498236,4,14.003923126435215,67.07195257070481,23.632601760945793,43.83808971409315,1.6862870082104409,No Mortgage,9.208049312361977,23.974417293825844,1661.5061960344215
10.001809002432227,0,Master's,16,14.070783082557426,94.51614571778968,Married,Other,5,2.8005319472458434,52,4,34.24999930081374,7,39.294443937335984,66.9926342161323,46.98899080414396,38.37221747194545,1,,10.014328773835112,80.74987316566607,13.523982798472256,59.53733665488935,Fully Paid,22.59783846551835,63.946843949210376,1449.3170429940453
45.700230937694066,40,Bachelor's,4,30.34842085515608,55.906128776525165,Single,Other,6,5.768328458354377,56,48,88.28056791884849,6,41.91050862867066,58.30064830045513,14.70699045503434,76.54322167447717,4,90.33410137067946,0.8486012083443017,21.668424398900264,82.71867142453218,67.05800508269354,Paying Mortgage,5.717965453026652,59.696396571644286,1830.6820125159193
56.904657489367416,3,Bachelor's,15,19.12931742021072,27.332958312466292,Married,Other,5,34.238176600918834,98,41,2.899274499897986,5,11.033477382520296,2.748519482937095,27.36955159663489,26.93458790611043,1,71.06672459428351,98.16094273320142,71.15129003118184,41.82555532560479,69.89276609452169,No Mortgage,71.01418825625281,76.16813559803182,1882.118975566575
93.83650151902594,0,Bachelor's,40,95.43786002208931,21.096928971169937,Single,Owned,0,60.04728632502741,33,44,52.919009874656695,4,49.319551978792916,29.858875628829264,15.89650940226306,4.734997732683944,9,58.1943641505783,78.61154478031324,16.924759744289453,10.855535777264846,74.92903605492502,Defaulted,95.14994392273525,71.4317970610373,1829.7244134919865
32.675604724303085,28,Bachelor's,7,11.7676512645299,17.58578813161925,Married,Other,1,67.3516527472109,51,21,55.17822283941036,1,,28.391739966443062,24.299759286082978,,7,81.81097847441676,91.28586899643874,20.22150874589733,54.294993794811276,63.68989721654803,No Mortgage,43.407639419691954,,1658.2071579726219
48.82193591992385,40,Bachelor's,31,13.39986812056707,8.851905256306758,Married,Rented,5,5.815112056640115,53,36,9.760999822970751,0,40.65383138870131,,93.8883315070567,99.27246195936279,5,,4.770834145387203,14.760681915758866,34.88620967702731,82.99180309869587,Paying Mortgage,18.683440629458303,61.966415161970865,2010.588618751974
91.73619850652766,46,Bachelor's,0,37.579490228805724,57.7657996066007,Single,Rented,3,54.354023773057094,95,15,18.923760254524822,0,26.083108002500875,79.92271062915269,27.153348290850253,3.3187630225001485,1,19.668643412686137,75.78462929324711,64.11996332321482,92.36026679779178,78.29883572657359,Fully Paid,80.01582366647963,64.17370448140232,1852.2949358840917
66.8951641760625,33,Bachelor's,1,63.6641035358728,29.795742895835907,Single,Rented,7,7.991510934660672,60,36,75.2310970673456,5,48.600344823822674,40.70849728153849,65.05747911093461,35.61391620149682,6,93.61469865985302,84.80279026572813,92.03002705727481,44.9139688459391,53.64303967894921,Fully Paid,69.6145924938541,89.06785956054708,2115.606782605712
71.63310272566953,49,Bachelor's,38,69.76348228326643,69.13864452150186,Married,Other,2,21.854846152056297,39,48,47.883281583168156,6,38.18576252218325,65.38383898166262,7.608937134957627,60.36019202212376,3,85.03627876578504,6.767353665798337,99.33898787390682,69.87269237038791,16.22808243140237,Paying Mortgage,,83.81759206857386,2011.3400172275308
2.163932494516374,23,Bachelor's,13,78.27357103601919,74.61505038267879,Single,Mortgaged,6,55.339244022976374,16,47,48.8155956087309,5,93.72620447778404,58.62678431932681,,52.51757899342241,3,3.3133462193210894,26.837836527714774,46.96483564026922,7.660361631371004,70.59066693266583,Defaulted,27.266799026814404,0.33788468084122725,1779.9170269515716
71.98303117499538,33,Bachelor's,11,22.768662592959842,62.21976462801331,Married,Mortgaged,0,91.8191773229734,76,9,92.70121129250806,7,31.9095339872988,88.71419986941437,4.924440140828912,13.63853929336768,8,84.31099565764026,1.060742337031939,86.16571554970481,45.12677953712668,0.40252788539707485,No Mortgage,18.680084104503557,62.4400487472163,1722.80816218786
67.93587899216466,48,PhD,20,84.20387836055212,72.03242773264014,Married,Owned,0,32.21934506479628,84,44,65.55581974173488,7,25.174446428253038,46.65928734356195,89.78310796014195,14.959765614755838,2,29.130280870515037,80.85861694290979,92.02711976015387,,36.50506541055309,No Mortgage,,68.44490484631972,2106.682168494082
62.282923696117955,15,Bachelor's,19,93.22821440707808,25.057129142214784,Single,Owned,7,31.00018527823053,55,38,30.737271920404485,5,,15.148211302995819,40.058935731981116,48.28174943504111,5,32.21125959691381,68.64198939976419,21.586639765948856,70.93907452511287,93.50441963907305,Paying Mortgage,61.1434236739474,6.8932702124089085,1943.0405808157793
86.44769036178282,28,Bachelor's,7,59.55026005728078,72.47094874643776,Single,Rented,7,3.499884126398567,2,36,15.763603583298059,3,59.715070448314734,45.75454073734121,34.07634893488872,46.78142961809717,1,43.812234708086315,35.891299099803064,56.62048235071453,23.792416224498346,98.86565549140126,Fully Paid,19.416207741450965,47.70667495672725,1867.4017602480594
86.64151295248243,2,Bachelor's,9,16.955799437013553,81.74764393049206,Married,Mortgaged,2,63.85250461916646,62,24,83.64458962596129,5,77.60489588693802,61.37064818495767,6.950779651519323,50.85779218687151,8,73.59472017232224,54.650171389788305,95.35735374122973,18.313537157176984,60.60334525203784,Paying Mortgage,61.406498472739834,72.26497023608565,1976.2816261404714
72.23043293295386,0,Bachelor's,7,34.32671570724041,68.71225203598057,Single,Other,7,40.743565276614376,80,40,2.645450548042416,5,85.62440416916203,96.06008100125213,68.84093364557076,36.43682941000802,3,66.28030863757358,84.43335491993376,76.58523040370093,37.91393157725924,47.87022008507855,Defaulted,29.201410044073405,77.81256612865218,1882.118975566575
89.39783918831083,22,Master's,8,5.694794869844822,37.43255646128538,Single,Mortgaged,0,98.97228904663064,84,3,13.043945453334649,7,70.98270749198761,52.7436084929228,51.455309133378,8.747960575092806,5,91.12451557542998,9.324491922135836,26.351145064890492,90.23079734420988,28.43439098197933,Paying Mortgage,53.481816494314415,59.632760500386205,1829.780762713085
41.57889015772531,29,Bachelor's,29,74.60934621942268,67.07257400787232,Single,Owned,2,80.87153968854398,30,10,6.272159090138841,2,80.47370647669405,91.87237493338304,89.67513646130647,92.00008347496549,0,52.722475160039586,21.941563855690383,79.80465828368204,21.3712974852579,26.720727675656907,No Mortgage,51.498240369580586,32.18275081690799,1882.118975566575
15.415604962534147,45,PhD,12,87.8335605887587,19.58721850791374,Single,Rented,6,66.01726416469569,75,44,39.82564091570116,4,55.09126399478858,11.07431201911856,28.885112333163143,20.788805526314448,9,,3.184174454809785,65.67940046300318,61.024897828980485,70.83589360386611,Fully Paid,11.42946811423835,29.10788813756463,1720.0159528573386
12.952660990035236,34,Bachelor's,20,34.13092404898934,96.66149922642143,Single,Owned,2,21.005292017930522,68,18,55.263458182919386,0,73.56975053062538,27.00024811211953,35.27684658569557,87.16367705200551,0,54.630957137929904,70.2639464006684,99.99248268331765,43.529133149533195,42.80928766249438,No Mortgage,80.55031112598633,73.10758817345486,2210.917309826565
46.32296374090289,32,Bachelor's,42,,10.849834507043843,Single,Rented,1,67.79980152425846,2,6,9.607597563835613,3,75.25186605703621,46.05091599081788,42.921077954169974,89.73389655687687,8,24.90199621067708,93.9197432825762,80.92458367534826,,19.519381427592553,Fully Paid,2.60295498171349,23.704150891868004,1869.7471077760868
77.41904917143248,24,Bachelor's,25,39.529249795067166,98.31622899114085,Single,Rented,6,10.962498633000228,37,19,81.75945469515462,6,,61.89223562347216,5.53907300209392,61.635632359902495,8,19.776762761751844,81.93461487217711,91.10851315740486,81.30869641138196,30.510919021208217,Defaulted,91.48151491912277,32.06647262228499,1936.3169388102071
82.00278222654251,0,High School,30,,78.89771878522937,Married,Owned,7,90.37249203738075,68,3,8.319367685150725,4,52.03722164409679,85.23501166838341,70.75384896146737,62.1883161454933,9,29.86839838141343,11.924491131926118,40.90760345660955,2.8518493911292575,21.10558892668506,Defaulted,41.860518567191505,4.42954309969924,1592.117272993171
58.90601535252913,4,Bachelor's,4,9.938277895086012,85.48341512373361,Married,Owned,1,75.7812031892116,73,40,7.090792233184173,4,7.125268532136497,92.2120435961218,5.097403579166137,47.93252777715155,2,39.32464647920377,21.72334745924347,75.90909613960271,78.42947047887264,92.26949839543673,Fully Paid,50.625173449732685,36.3128442846072,1886.2956634594668
25.70818218513682,25,Bachelor's,42,40.367365762402784,71.26612256467459,Single,Other,7,77.92051147388834,6,9,3.791694407363333,5,82.58534343389648,31.308316935135206,38.416018309248166,90.94771083678907,3,66.504811238256,26.680378209225132,11.70414826884435,1.6058822680113716,10.701067260442088,Paying Mortgage,55.17900635794957,6.400008275238688,1578.8382219401633
13.622777831844902,18,Bachelor's,16,55.07657263721529,25.05014246959396,Single,Rented,6,,64,41,64.27419004014251,3,99.6762584986409,9.895230168653491,68.26418014450607,25.283620307479005,9,64.59341848009382,43.64873493077071,25.054605893112825,33.444618687832474,34.15481169231763,No Mortgage,79.8613015923451,45.85487714794001,1793.1821373801176
19.98209203413641,31,Bachelor's,21,36.60133918401512,,Single,Owned,1,,45,48,11.197297048699328,6,82.107857744685,88.58827375717443,23.468353288525023,11.346050152476906,5,60.82976137418969,71.53532125002056,37.28099892032055,67.96758674906395,71.2958815559526,Fully Paid,6.487363783510725,19.229172323107978,1537.645425529714
6.852598759698814,36,Bachelor's,12,8.366341005118317,27.331235865371962,Single,Owned,1,7.295986391295484,29,45,12.766663498230535,0,56.55318769240576,90.15856262098629,49.54715630653334,94.14256718178797,9,57.64598564592339,93.38934381498633,32.308874729455226,36.564216270421134,4.547795130603694,Defaulted,72.19239699289334,77.35191902421032,1937.1069777658602
14.98162860461033,44,Master's,21,,90.41636839560749,Single,Owned,5,45.84676101457238,49,8,98.53447186873106,2,25.653261761097845,56.37176795476178,7.686710338175484,79.9891304268817,2,87.44443882061596,,32.57681196433685,3.5087611216299996,65.14003587009168,Paying Mortgage,45.93463713273414,90.7630953334707,1779.2321808287556
16.787890108284632,0,Bachelor's,22,3.328554926345695,50.28437106431355,Married,Rented,3,20.445132623253002,34,1,,3,50.02645074774619,85.44229603276182,58.79742483703485,27.687051696515663,9,68.02656287285745,89.08118943138031,4.10663737466116,7.153882189037642,32.50515236095875,Defaulted,26.493088622240602,22.126999862588093,1410.5776543525328
19.58250488551577,13,Master's,14,20.440377476553618,24.626572398078572,Single,Owned,6,10.475825953849805,40,26,57.575008352031055,2,77.86521510749094,,92.81321860154439,23.812207142774955,2,1.4628539205070012,87.932165926506,15.457215147476756,86.14748123426943,32.938732198659636,Paying Mortgage,3.9132254483859374,32.68787897653196,1907.1291294593764
88.83636828012641,0,Master's,3,37.0923425109065,17.26406407802912,Single,Owned,3,,14,25,54.62479676028885,7,67.91277374008733,49.149130225952256,77.19890702546908,,1,33.466500998454485,31.954906287840657,15.118291933725425,81.03031373334709,75.987870403879,No Mortgage,53.77707777946096,5.954413800249625,1729.6340485205892
55.55073523270456,29,Master's,26,66.75482723343372,36.14884299652476,Single,Mortgaged,6,71.88779803941351,0,43,51.151513608322496,6,85.56245661758771,46.710369231426995,83.49740733648903,17.761981945520223,5,65.74713688561535,87.01430055517372,89.24261775360394,,52.548923020931745,Paying Mortgage,98.00004155993314,31.969568666625047,2108.988179660044
74.41861072315932,3,Master's,39,96.48231254722478,57.1682326099271,Single,Owned,1,71.71868897252715,47,0,0.03301592594764369,7,2.929370500537065,97.45325536623746,22.206517454139195,47.26647293648447,6,52.20484161712585,37.99561251474085,4.466002887722375,33.51242666962248,39.14360202228556,Defaulted,20.788587191937545,54.47796153700997,1729.6440197234326
98.73155491986286,29,Bachelor's,6,48.95395420941543,69.63758498705658,Single,Owned,0,50.53353209771434,74,25,87.56993729425655,5,21.018510362154373,86.54158817884438,41.781880610625365,75.03124383797197,4,38.18717522345004,80.98764150385693,58.446993164461304,39.05621024270317,10.959787033512702,Fully Paid,3.5469585341666554,86.31873483680562,2301.6085296797487
35.996152488315545,13,Bachelor's,15,56.69504756388102,76.44328623701921,Single,Mortgaged,6,75.75269941328445,76,35,99.67264010577331,3,2.446470275893342,36.2616951585462,12.778295457384326,12.1442615728375,8,5.337549417726084,68.8512188409563,7.398888420190508,20.32895554359562,9.289971449411938,Fully Paid,26.775166553954165,57.189896766036995,1622.7915319252268
,37,Bachelor's,17,26.49071934978201,7.63933167953057,Single,Other,7,24.787557232395073,99,25,83.69393582910502,1,87.10142873937492,64.54905391663529,94.61737047963453,28.133858604563677,9,69.01313479368922,39.29373050278067,87.97079824040533,97.98031631041543,49.37694913726616,Defaulted,47.19379285564587,85.27367457319316,2233.7931186407563
64.54684255181677,4,Bachelor's,1,77.85353710034055,,Single,Owned,4,15.854153559161045,22,33,99.8174737892465,2,88.39018149601085,93.70546335657754,34.093588031419564,29.70769577964727,3,83.01169113081227,67.9551862285185,23.61719824828773,37.69938292104549,50.67117639327983,Paying Mortgage,88.87277285517146,38.05661329472163,1922.0998514092596
90.85240305005124,44,Bachelor's,3,90.75757039632664,5.695286729568116,Married,Owned,3,64.0891664837207,11,45,19.241103788713932,1,96.45801858016529,47.87016818903501,10.401029772814073,78.52946667226732,9,35.46708266103104,88.74074739689635,97.58318897827071,55.78538491301954,56.57279113442924,Fully Paid,58.45060359833142,43.964232052484654,2123.616104402725
30.219102692805187,6,Bachelor's,19,54.204198455394895,,Married,Other,2,83.423842964064,98,48,64.9580944617839,5,65.33399244188108,85.1426394415006,94.24578385332963,99.73206116397705,8,57.537006482571684,,56.3817480575171,15.745295718984664,85.61495725959415,Defaulted,44.966166311292255,28.042986157357685,2051.6672663909853
14.083342765301232,18,Bachelor's,0,67.101247484487,64.56853251742407,Married,Mortgaged,5,62.793749329946,53,21,5.620955786622217,7,76.46496115903572,77.85142948525574,77.01116522302854,22.628262729366767,7,99.51821206249387,7.559587516160127,93.64464228117572,28.944919430436933,68.92840817509648,Fully Paid,96.77543233731215,10.150385830353548,2001.449193022722
49.774681695637604,42,Bachelor's,19,13.105574342166747,71.6662418133697,Single,Owned,6,35.96367431790025,51,4,94.53581344565326,6,90.30130391680925,8.35822220003557,82.26249276785602,15.196252587821512,3,71.94894502594087,28.02653001744283,71.44961527843495,55.50852504728198,10.880739023006559,Paying Mortgage,,73.4447277798688,1899.1894141308392
50.10205720156251,10,Bachelor's,20,54.25702034080678,44.021897297100196,Married,Other,5,4.5920056091263035,41,9,23.590086669828835,5,99.62420986170206,73.65572029698446,8.745015650275366,,1,43.91921656826669,78.6796709064576,92.34760378183837,59.93003890163725,,Fully Paid,95.58117431743744,58.023128705995596,1679.000875089941
68.19974472807336,33,Bachelor's,28,92.77710984068192,62.89883872243522,Single,Mortgaged,5,53.203468683339004,63,29,79.15326186668919,0,46.378745575535305,18.081063503763527,64.67749610819325,99.27870182635864,2,3.577469071400785,1.729397576708258,32.03619704923062,19.578380686040486,81.30512071433081,No Mortgage,25.861877131047617,32.56447769498927,1939.2374716223273
23.624696771511466,40,Bachelor's,20,41.54820866996033,,Single,Rented,7,59.10620780489892,14,36,41.51976391419092,6,91.45287636368637,3.618479753292514,24.366101254184493,19.371594227956034,0,42.97008070431598,72.90376238201884,24.241591254486384,59.449836574975855,88.38572635999593,Defaulted,95.87846047250311,77.32611520799885,1909.9526737835574
90.5987906258915,23,Bachelor's,0,70.68443574290984,93.74671878137444,Single,Owned,2,92.76142351480566,97,34,34.99285337714076,6,38.35018811159071,0.14257282875326238,73.17720250869874,75.17170414784835,4,34.50206666104666,52.22894733111719,35.997351817666946,1.603640003064577,56.244894127141876,No Mortgage,8.00413240914406,75.54990686967872,1840.9695509099063
0.9506202418105625,45,Bachelor's,8,5.7997572472708425,58.35295488659133,Married,Owned,4,26.04875790573491,37,1,39.028910083933376,1,25.435953880638184,43.19875924251573,5.671513828222552,58.80927915139572,9,41.33125614011103,42.023263280146004,8.828249858491644,20.194086451198256,15.467530312791267,No Mortgage,52.925554095075015,94.894013128426,1642.2620590047493
7.323150427723391,9,PhD,6,87.31592873828265,20.55384706954865,Single,Other,2,1.7589916212524592,30,11,17.25857940492721,1,48.247544441783255,45.92373913640909,97.39407666667817,4.550423779029611,5,58.19372139940333,79.57277149698383,43.039261801607545,45.38378812569805,87.93264990158237,Fully Paid,23.868888143129762,19.924187858461817,1804.046624406008
,40,Bachelor's,20,70.81516877406011,77.86746648941558,Single,Owned,0,61.133075330285266,34,16,25.779766216412593,0,71.47222018094264,52.13947362629351,68.32766104223897,26.94384907480917,9,44.393364970311254,59.69602868455279,29.087973224421937,71.54509636491238,80.59293661594656,Fully Paid,30.062055985564207,66.1154269719093,1991.4198776673663
69.55851743035441,20,Bachelor's,39,39.48536744036784,25.481762364438143,Married,Mortgaged,1,93.77922867867817,85,40,40.86049707232401,4,15.806130029164933,2.1641794608235676,78.48913946638501,7.47966479969393,8,67.4796429601556,75.34497102421055,24.580385627786594,67.38653939196881,4.321993725495721,No Mortgage,16.962409303157244,69.73580668337705,1882.118975566575
22.448050123272832,6,Master's,16,72.94439883265498,23.756584338348485,Married,Mortgaged,4,37.79881162099616,47,8,32.835778513301925,2,54.265928213656764,37.24236961750071,78.99117002228051,3.9319487668473263,3,38.22559146564046,64.7578490806859,96.6276251897396,51.037540662886215,98.68768469417205,Fully Paid,3.0868132542461013,16.566316747641274,1566.404076278781
39.51248847745673,31,Bachelor's,43,,12.261922045743844,Married,Mortgaged,6,71.39554232420517,42,23,36.901469934594544,2,35.07532147493549,21.489643357423184,,87.97669379095653,4,62.520832174293005,49.041036113680526,87.25665183579633,54.69348524482108,48.07814179491133,No Mortgage,71.96895960453546,11.154990734685732,1781.8755569050566
17.770446119681406,28,Bachelor's,9,55.44552278666393,63.19329628514445,Single,Owned,2,96.12792423673864,63,31,16.095548745672914,0,66.15767405740584,63.370974342311094,38.26411550655715,61.328639383312975,1,2.6284772337607065,45.06210479302757,75.85552284667911,54.61444704633772,,No Mortgage,99.1874544682311,5.462153648903822,1949.4643614987026
49.10448217723773,9,Bachelor's,38,15.554009150048731,96.3687165956651,Married,Rented,7,53.37533205937861,62,0,76.31743856097388,2,50.972270556648105,90.29189732330538,90.84462056904016,52.39116767043972,0,99.65220719246723,29.88202348114175,32.461724231147734,18.277390266349634,89.5866939157868,Fully Paid,10.56428488702419,98.17673511979656,2118.9864932516493
73.09617081611161,35,Bachelor's,5,69.85982867270393,54.29465845718413,Single,Rented,5,84.86686756187098,27,4,36.44268113352511,5,80.52705972072509,65.3130670289656,43.672255815566665,65.21139786237482,5,18.027153601837608,62.6947855241755,,77.41346587074271,40.29997590536022,No Mortgage,68.39803325601895,,1943.9425786102847
21.513022642467917,5,Bachelor's,5,20.11841421666517,52.32180199672922,Single,Mortgaged,7,4.761237842748811,33,18,32.393556607803376,4,95.04422340901033,,81.47686813470249,42.31181975477304,0,48.33182215522533,57.39453222006694,49.179398006265686,73.32782958676516,56.665607760206235,Defaulted,14.55395313226463,60.612438888297774,1760.6373029069603
48.91799615470362,9,Bachelor's,6,82.689323382559,7.610105583336235,Single,Rented,0,28.995832180378677,49,49,,6,35.85326833698439,14.05791286630823,32.5666732278094,3.048326031138804,2,39.55221362514192,94.10198226972342,87.13573412322077,51.1442833917623,56.52263811708307,Paying Mortgage,21.55011558337655,2.4774126934383744,1803.5177139133089
75.45395326953876,14,Master's,19,22.941867651571336,15.772031708324974,Married,Rented,7,,31,49,74.88391884618511,2,42.32591427658292,61.81522902595573,34.16160624673348,2.8864839458030755,9,93.0480819579867,62.63010947738658,8.39557030709016,88.49936133950258,26.887484934151484,No Mortgage,29.70909687803208,57.720223612595746,1990.9522281149082
54.46880934339766,49,Master's,31,78.2064521572431,17.532167837859912,Married,Rented,4,48.155339712726,7,35,5.5547233487646,6,57.67897084972363,73.94114554566914,7.625156434625346,92.07648141223198,7,60.595017300771104,48.12434553768365,74.13949722797497,32.835735232720545,49.32644341051065,No Mortgage,,92.7069116051185,2074.6706403170347
26.244806696384014,23,Bachelor's,44,31.41674127919636,37.4212795739058,Married,Owned,1,81.4423567079152,4,28,53.307882232463186,1,5.2586860214377085,25.53138011712709,63.83543048854777,85.91818901106761,1,50.04194958350817,54.54742327381976,83.3049631068991,53.762460074735465,51.685852553731735,Defaulted,78.993272105588,90.90725263612946,2050.036363602034
21.82470547811538,2,Master's,11,79.46621542939619,18.297338341486945,Married,Mortgaged,3,47.33541793328011,63,42,89.9366528920927,3,50.58672985286884,6.225058994145427,92.2120389797637,17.7116568678373,2,80.35676014003101,21.545327695564332,52.73732899708411,24.068490922334085,75.96949977999118,No Mortgage,85.59758603951435,89.45580028773828,2001.4637535644288
64.87334824453981,22,Bachelor's,38,64.81179230208346,90.82886234873288,Married,Other,6,43.53976302115996,49,49,58.84438276405232,4,61.31075959555897,87.8216310274203,95.54709904951643,58.36122161410496,4,96.92359972671089,,33.59636485536521,14.715770096372339,14.341861223627495,Paying Mortgage,4.5572521613820305,90.21541886529116,1870.5221316618608
54.076823282733635,19,Bachelor's,34,88.26056237288415,96.72546225249519,Single,Other,0,7.066819030807848,68,40,37.293213247009206,2,1.2187551011742515,33.2075242181336,6.224372615878093,52.187297276489694,9,20.644269212906895,52.74410455577785,20.400863651076705,12.068846784624043,51.09967919343424,No Mortgage,58.735463113798936,3.133746067672627,1938.6448342183894
10.671497186837552,4,Bachelor's,2,57.33767880015584,83.8502525323637,Single,Mortgaged,3,67.22525000742135,85,40,85.04522733622586,2,74.49651984608933,63.34320312819601,67.86270049882519,80.6395293334983,6,32.7726956682071,37.59611021613539,89.70574683722921,1.7122085797161901,69.8820581244282,Defaulted,70.62281699579736,99.3911988231782,2249.4779562244075
68.75449055283308,3,Bachelor's,28,44.60572256644409,31.20919159070821,Single,Other,5,63.33385818425894,29,48,,3,90.11312392861718,1.5945686453310848,85.30406621165099,52.100217294835694,2,9.137144056141477,43.261493287204566,22.73024072385238,25.422503008250906,50.40951146760274,Paying Mortgage,74.37809301448561,59.09999590859538,1860.857522928832
53.9418192753467,42,Bachelor's,11,25.396639831222213,23.009079204003957,Single,Owned,0,83.00653721957794,66,6,36.20558501724914,5,86.25892413413638,28.554293786953345,,44.90879571685771,5,68.22263767059911,96.64348100843196,36.300144998256144,6.2224172652242,89.76140083423853,No Mortgage,95.2765897153333,66.45794280090398,1953.6372401874924
94.16892084419491,19,PhD,3,45.06234145701252,33.14922732548828,Single,Rented,2,16.285829163782772,72,42,92.47859097140136,0,26.73375624116643,6.322433925063365,79.54509581775875,62.17593860953973,1,16.38136635943154,4.0147770028740375,16.674556862593658,45.32846463376582,24.717696901060616,Fully Paid,87.55763666677143,51.513767346110065,1767.8726339967027
72.92519731284146,3,Master's,2,18.64168552101847,12.019154144553868,Single,Owned,7,34.90187125424431,8,14,97.22213709670055,1,47.122333090374326,16.27491077823806,20.208431497743884,,1,60.78796438735547,76.61763994699113,73.99312514704081,66.1821597989107,82.72769548719391,Paying Mortgage,53.400230574749926,23.69563625881568,2237.81205261009
74.3888144118619,47,Bachelor's,35,69.67136003530283,,Married,Mortgaged,0,90.35829853016418,65,29,35.49178403647072,7,85.07306845860373,29.46182996849034,0.7541092715998676,29.665717611806087,8,88.9964607500909,96.71211782547475,7.043998597026036,47.12948285333167,54.833199852979575,Paying Mortgage,37.74977091375226,31.70824173929506,1953.0769646166887
53.60563543270873,16,Bachelor's,13,81.29477019446215,67.8542029790759,Single,Mortgaged,1,86.57741223560754,38,48,71.51647345384376,4,79.69747788958131,60.92974392914143,11.585277700376452,29.148067257909847,6,31.942209871420445,9.325486978537079,70.75533559193198,73.40042545436842,28.545772028715078,Fully Paid,46.88929855087839,2.178894976225554,2032.2287556493484
78.93230103611636,31,Master's,35,66.14020331187831,32.48748670992887,Single,Owned,1,84.81362893031782,83,10,14.102478860033575,1,58.77684626060896,50.9769673499049,52.31560631441117,21.526877403285983,1,8.478062372975437,57.33237131030232,57.076879658590144,91.4188424133511,52.61828101048604,Fully Paid,57.27532592481626,9.132764436533236,1918.039674002231
20.379383529992168,0,Bachelor's,8,46.9394378531329,93.29450353241441,Married,Owned,6,67.36624198934342,3,31,56.18138803383087,6,95.78131827533579,74.7644612596773,85.0118868056112,35.39955695446667,9,61.54056774277707,32.158394036246506,57.024812494739955,23.665537947971384,14.337567106823956,Paying Mortgage,73.9289628746437,91.61871480738876,1780.10779261153
45.77140514982325,14,Bachelor's,0,56.86042135699344,78.0338247625157,Married,Rented,4,,68,46,30.057710805402216,6,93.36575454082717,74.7086209394825,23.132831230695828,33.40007188265939,3,83.14532342453552,,63.271030996619274,35.252785126385135,7.681102763992054,Defaulted,72.65261936099229,91.2602521738901,1882.118975566575
73.05320210053623,32,Bachelor's,18,42.696639419100926,90.21173086422777,Married,Owned,0,29.07048559043821,27,22,52.73935140878472,0,80.04100633251035,48.4368151342658,57.386277396265015,14.738326759734854,2,,80.8212830516503,77.01595230861525,22.297747478768137,61.61790816070077,No Mortgage,98.82471556902453,95.21238781308706,1922.0235117950963
56.32647205206205,19,Master's,27,69.98286910824208,95.8554007949528,Single,Owned,4,66.98908678584068,23,48,14.730134571189302,2,45.57274006802463,99.71628142794569,61.120865281554245,78.64448231944233,3,83.15453313427965,61.50849664876834,,29.443077794945438,54.863839169557714,Defaulted,58.909467581658106,91.51937114245665,2302.4916996252755
89.82726644925535,47,Master's,7,,27.08321403399593,Single,Owned,0,18.80487531469086,71,48,31.257472707785826,4,83.2486774619645,97.52995386498799,,46.15289585400517,0,22.231820921422628,21.29259504826012,40.91893747197987,99.17863552879298,0.08536974374032669,No Mortgage,18.839298240357383,71.71194855322923,1845.0678193811243
35.248472759806184,45,Bachelor's,40,10.319981190583604,53.304328788858314,Married,Other,0,72.39678737735169,38,9,52.38556070428226,3,46.81020444496053,74.05183646824493,83.25044000323545,75.07896749485082,4,,8.032310568953339,69.46222874404765,38.18390965611267,13.24989562662866,Fully Paid,61.400833903893734,35.47249679475275,1741.9546198545368
3.0727179650499536,3,Bachelor's,14,97.16506046194931,13.645111827045852,Single,Owned,4,9.106635598747259,61,22,76.12115151654739,5,66.3444393638966,21.581118641865814,40.42357558394794,77.61299726143986,5,7.8946964836622,53.55366777971948,31.252227132430644,22.539389431682977,50.5810683519715,Paying Mortgage,0.9772231419481248,78.02065722011909,2049.514478352341
81.98821312594477,46,Bachelor's,14,42.66253734763945,33.48278515553507,Single,Rented,2,96.94001125661867,75,26,38.90607096186526,3,38.67702086029576,89.8706829574793,17.722238330646967,29.234742421515147,5,31.921103588727252,42.42372452952734,49.24226893985947,85.63533488135087,52.31922536086928,No Mortgage,24.77361640351158,40.867597879219716,2024.627192019679
51.57361044143699,24,Bachelor's,22,37.96540158686732,,Married,Other,0,50.189818040266466,47,21,54.711131973828095,4,80.97840267383138,24.3495259185182,88.31759706143232,56.104873536670375,0,87.50589641689427,81.75826878493359,60.156206882190034,75.31877038481741,43.33194902328968,Defaulted,6.207013670851113,8.985791800004684,1968.405178351725
82.9425404186332,5,Bachelor's,34,0.1145950628256287,28.24043288458643,Married,Owned,5,50.592625449217046,72,49,60.849108656361686,1,40.145100761237195,38.512507091922224,0.35489918647713115,61.342626152123195,2,50.41484897283163,80.42337890322267,54.99210705196631,26.9636165216676,78.61684214493712,Defaulted,73.30317809458987,61.02584551902312,1937.182208737915
16.999629674800122,40,Bachelor's,5,0.7310488654940772,26.348337714290302,Single,Mortgaged,1,,25,44,65.91135216215474,3,69.73257703179158,63.397340844044216,11.464780302217648,78.1043121076968,2,65.58343876174052,15.509360627100232,26.799644879536366,39.31770315876004,27.992962165644343,Defaulted,80.53576701617757,63.823224636020235,1657.4452786195834
,22,PhD,19,79.4950932824677,96.6672666705293,Single,Other,1,21.746034360389498,32,0,68.16984700828345,2,81.51832322927528,35.917265055930024,47.99564934633127,96.56889165603693,4,72.12540974297396,75.51177893054172,22.099815752363515,50.099683661219565,35.020192531296836,Paying Mortgage,62.24833190290374,47.598305486054706,2082.516972958132
77.93632650477183,23,Bachelor's,41,87.86215968075724,,Married,Rented,5,63.86253991024257,98,20,75.33775452463684,6,76.34178142206719,77.47234292206014,67.17727263622298,29.190961379034363,8,11.043437130871647,47.15870664591526,24.382385260040486,34.909698649408206,16.26004084036986,Defaulted,7.656864182011624,91.99013664369214,2029.3946366998002
,39,Bachelor's,17,92.18787933693491,17.869295228631334,Single,Rented,5,,2,48,27.887084899122307,4,99.58862757597157,59.984122114311425,3.3196315065561754,8.159163038692697,9,40.6172012911486,60.61773057817676,43.884780971136394,93.40768492714844,,Paying Mortgage,89.64852726424965,14.687187583320737,1907.6051602818827
22.973465411852857,10,Master's,6,32.1179258967464,,Married,Owned,6,9.887115505365095,52,44,39.122822128348304,6,38.81614479603169,14.574117587397772,22.998961329144528,61.809062316499045,6,46.472375625003735,60.94615860107644,42.185839236749686,1.912635062373036,98.55193569028654,Paying Mortgage,77.85771869332669,32.56464921874532,1536.268448962556
47.50167569934188,38,Bachelor's,2,36.00209378545035,88.94899903995301,Single,Other,3,89.22308599488716,14,36,30.154401328886536,5,52.61427596891464,85.05066043781953,93.16074951476611,92.9652877790556,0,92.18884855854571,5.438696600157233,26.577365681743537,51.49878547278329,47.9925689004394,No Mortgage,47.94462287370058,93.43756796404207,1927.8243157740385
24.0548848214587,27,Bachelor's,7,60.956082190480984,,Single,Mortgaged,1,85.26322327715398,40,7,54.521107881740015,2,94.12216350952906,73.93361958960008,54.11029164541511,93.26170171703338,7,56.12056530988694,59.60985276700958,40.99797258865669,83.84826905658241,18.517593884505914,Defaulted,72.2233256187194,90.39761718765772,2035.3910245046172
88.39183964342784,0,Bachelor's,39,,90.62657925730495,Single,Rented,5,85.00840213306363,36,48,77.90952558129959,0,99.34835217062495,45.57133651568284,71.39427112073776,79.25911401965442,9,85.69838057113758,54.61545912071964,41.16507968016314,10.782367385194702,39.34135763504242,Paying Mortgage,92.12864116801073,25.167940386031027,2357.9845344527716
35.52355173305026,15,Bachelor's,6,64.09522198481756,61.70765300062263,Single,Mortgaged,0,60.20495435493508,89,28,78.0915252154526,4,98.99349514629996,58.128273196105965,10.888161603116576,45.91299077754364,8,2.772532476184919,5.688743835614907,6.715778238282133,73.10357583283108,50.116662856317205,Paying Mortgage,10.5617045261736,73.22402502058891,2000.1432258606599
32.101981055089965,26,Bachelor's,10,,64.1487470805588,Married,Other,6,15.883769538201564,70,18,11.624575268993798,3,77.6598482196688,32.725737369966424,65.81974082133667,12.41601865478108,0,1.8730292060419873,39.16018809215554,7.484282147140508,47.51471801568825,,No Mortgage,4.5331302047994075,36.16163412818324,1617.9848239186258
75.64838490999165,36,Bachelor's,36,42.323944149018644,56.38921128292661,Married,Owned,3,60.79571838100451,98,48,46.80816210850984,0,55.56347572049698,,87.39994255378943,74.63061694876093,9,46.186445900016956,63.9601748513116,45.57062844202975,45.77793512656398,1.6305901786504817,Paying Mortgage,48.851363999575305,82.26534590503691,2026.8438707101352
27.872700672712412,2,Bachelor's,5,95.82984830713006,,Single,Owned,2,99.48498070617926,23,48,83.51261633432041,3,70.94027697193313,6.1406583141121684,91.89347431104973,8.107491614729877,1,,44.80911127959198,97.33070795003765,99.0384177698219,65.0178125961012,Paying Mortgage,50.61700856552025,52.916310095566246,1889.1178954716372
51.44464281353097,6,Bachelor's,26,71.23943019529881,11.546977517788793,Single,Mortgaged,4,8.539769213508109,28,0,77.33235527040767,6,11.890301767799338,59.118478711607324,96.91165309407386,,5,70.2548080553777,77.40033129097597,28.195832714264547,28.788892937984244,90.6019455776488,No Mortgage,,60.059670357945,1981.4961185988057
12.481766904184266,29,Master's,42,78.48372497826352,11.211364833819616,Single,Mortgaged,1,97.23654847799783,1,37,,6,73.44924006110509,86.49685594304802,53.6349627899556,28.904973294577918,5,34.2889329596056,32.667810380951224,24.29096718216498,60.88670946292331,90.04053185650672,Defaulted,18.66942974614121,,1853.170502534453
74.17833308897033,43,Master's,14,54.14293943049967,61.443365483509524,Single,Owned,2,47.96137541640834,43,17,45.11912805538396,1,,41.0902058988588,2.3089622682200828,66.85251384461137,4,35.462709444311855,4.603313614171856,98.67755973855577,26.369825545106696,12.6621121690773,Paying Mortgage,73.85570406335566,29.39165968905657,1649.3013681969699
57.47032039194878,41,Bachelor's,33,72.48705057140667,61.20038973314457,Married,Owned,0,81.34154143208688,59,17,31.137633690532386,2,76.82759477995226,40.10098197729668,81.61255736539539,70.83729960227262,9,28.56586695828828,18.510873042784525,97.19056826516706,71.73277870408695,83.40422679266703,Paying Mortgage,35.446162029588656,,1725.3956563548843
7.7982832989983315,6,Bachelor's,1,23.59755771194514,28.47919890667142,Single,Other,0,,46,39,72.38710383147172,2,2.5036336237443835,44.82388465553965,61.07813560779473,31.85630981259896,7,97.14770702702738,94.34273662502832,26.598253937994187,22.6338278437486,95.7490531021221,Fully Paid,20.829772308469174,,1859.344644372563
28.442032390379158,26,Bachelor's,16,6.4392946466236385,26.918644017168724,Single,Owned,7,62.73371104253198,22,31,23.49062611312386,3,43.06735714824551,11.468124237867016,71.42634628218487,21.77626185490178,7,35.83229285893832,,23.39964787906278,18.366153878188573,0.9953625713364334,Defaulted,42.86455693151827,23.38677436373763,1442.3242783034223
5.365216400969075,42,Bachelor's,26,86.07948898601703,0.9582687713155624,Single,Rented,3,25.261946060177465,35,35,84.22820987482157,2,99.21514352300481,61.35146827175125,46.32566043945027,9.007386294689113,9,55.15306529322829,70.04774696901418,40.67423871913114,54.77157081792359,94.25777318928871,Paying Mortgage,29.23725843302546,15.205972777803234,1989.8861467521651
79.22159038047747,6,Bachelor's,29,51.41881809210113,40.62748005595866,Married,Owned,7,27.93563232407599,57,23,26.217155174161544,1,41.923694149736015,29.122932823126423,80.75115963051489,48.14629176373849,5,18.927350016787546,53.35076625164867,31.79760494466215,52.64136103948782,78.08258334109281,Paying Mortgage,35.422067803427595,69.42771170796391,1898.176669695729
94.12899503942769,12,Bachelor's,22,10.490438634931131,87.21104087930271,Single,Other,5,38.078373459210965,2,47,93.11580911106223,7,42.81756874621504,57.85600551991199,,,1,60.98116579787016,,10.636413302716562,21.095271925275338,37.02294858249735,Paying Mortgage,26.92603164709776,88.20544042787685,1846.7776141590318
5.495787465006641,44,Master's,20,36.76895225363531,78.19942855110604,Married,Mortgaged,7,85.36957139810394,51,7,12.989282629875543,4,78.6959682964197,65.64703938869427,46.61910363289385,96.44592682795124,7,64.44304935146185,,61.802227868151235,57.544092653066535,39.42419878349164,Defaulted,40.701079223732236,57.391140603339785,1961.851959549828
42.81348447110944,26,Bachelor's,8,6.767516322559997,36.83165056261255,Married,Owned,0,,96,24,0.9094180302419264,3,35.897042968700866,53.90890052067938,79.67728605698454,84.24308021504471,0,42.98457437063502,14.817773032947368,4.7547608881163494,64.12149902350247,6.4437625552692275,Paying Mortgage,53.90901450222475,19.85829782260834,1732.0068065170176
53.95229435126496,18,Bachelor's,34,46.19192934106374,14.869931829754822,Single,Other,1,47.93522892158333,85,20,3.291079695493926,5,87.09206608498987,1.832616854519864,54.52534462619704,72.78256691739439,2,76.05322021044364,72.56918489147458,69.20306951531133,82.15398609256522,64.56906684495384,No Mortgage,47.19091099145876,71.67247826814506,2008.1748400772753
87.63060296667939,27,Bachelor's,3,57.85117924094454,17.896181713500102,Single,Owned,2,74.57411365514027,87,2,88.92900220719557,0,6.205105263543276,,26.983760481787765,71.52292897762982,5,,88.69339297092034,45.30240136012063,77.16407371953017,84.30434366717034,No Mortgage,50.777728606956465,62.586610961536806,2399.899767225569
70.05069956788803,25,PhD,5,46.5239315179936,70.10671831098773,Married,Rented,6,88.16479545748106,6,34,67.39812723165507,4,13.85474424446943,3.075294050971633,93.43745403825014,14.772830585057427,0,82.32099421806357,70.8705200549003,13.126221109287094,66.73986245608076,88.90865833268656,Defaulted,41.351685437859885,44.285830957941904,2258.963698655789
8.227189067620644,39,Bachelor's,9,58.518314149841345,75.11916364513857,Single,Other,0,90.12087358416125,93,36,86.8693894898852,6,84.59619526959558,60.747839450311815,38.04444517659612,5.651462438806232,7,32.820175053761744,46.777626498603475,68.17284370551343,91.17745470241428,82.54369156049984,Paying Mortgage,38.778315744637894,23.977973884404747,2235.530764617576
37.242675117596825,11,Bachelor's,12,12.780584279521289,35.28060092659058,Single,Mortgaged,3,95.08410342291114,1,7,,5,4.172479285350327,37.962646641271135,62.27611923401886,,1,41.776067162454225,15.946009778676718,50.60738984667101,8.52140869017709,4.651849634506866,No Mortgage,24.789697275087562,9.537380789802752,1245.9153353618342
42.39125874876323,41,Bachelor's,36,87.19139887586364,97.26277413964189,Single,Mortgaged,4,18.164323655771607,99,46,72.36793680928076,1,43.19334233634766,41.030561355991516,50.46246829316976,36.689566186537505,4,87.42720265915166,,22.769871342582594,,34.155123185510504,Defaulted,72.6756057398236,30.469634008628944,2281.7034958464114
5.296640560971011,37,Bachelor's,32,62.95590559951465,66.01194442631304,Married,Rented,3,16.643207666245708,43,21,1.3122125561633502,7,77.98425810193169,67.08577033306953,73.17399735856051,81.18107694391948,8,68.21831661527781,,98.35983288781539,,20.27692093688391,Paying Mortgage,69.35624559704699,92.47395651994636,1987.6616533897293
17.872012920589754,8,Bachelor's,1,27.63793453158995,37.72857243712399,Married,Mortgaged,7,10.757870271386272,20,28,11.292659128887506,6,75.56077135017982,16.427656590225737,91.3922199066304,36.7999661448096,7,22.540211476880025,24.032276849186683,,56.06429251459861,76.87292280120813,No Mortgage,67.0687764663661,44.9130565893491,1686.4137720762405
89.06403862806171,12,Bachelor's,36,4.430981123832622,32.05939070803178,Married,Owned,7,78.61304224621819,18,5,,4,32.61497171193616,61.35841848558766,5.2157230853329235,9.929334629680364,0,36.80697052172987,67.13340311030056,83.1721120279918,85.26224374761169,17.216764546445095,Paying Mortgage,73.39267236324865,77.39805962669104,1945.6251500950868
78.46759807288775,22,Bachelor's,14,74.10857977382197,31.913951553419327,Single,Owned,5,,31,9,,2,9.690843467781107,29.05032471986191,65.9704482147092,9.851507346853383,6,11.988587082400425,21.16153273493815,17.218852755576275,6.722863557081049,67.13298173865903,Fully Paid,83.10534408973382,9.889083998231696,1375.7235193550866
14.473293333807224,30,Bachelor's,30,40.84187074986926,30.160356629716457,Single,Rented,6,78.78331881854967,51,8,64.27335452703043,7,41.43831693562766,62.911314348043035,78.22290004721233,68.50451757086195,7,14.90422091752075,34.61285400715879,4.2912272660194155,71.94768931764645,95.2585981317419,Fully Paid,8.769670916230933,47.55700767536536,1785.7066049412088
85.66982231275688,5,Bachelor's,7,82.86499099626006,13.159407705151017,Single,Mortgaged,5,46.10533305271882,65,5,95.7604371116171,6,74.55679517353511,63.6136530428131,18.752804794656086,17.073207611304962,7,41.969492349959715,65.45765141741386,50.40710038566733,72.73535170759595,47.92423750393306,Paying Mortgage,36.33833709964964,85.90776944503426,1971.4427017154756
46.8034692922727,21,Bachelor's,34,5.566614605619913,99.89429619805178,Married,Owned,7,69.24454812415469,23,25,30.712069487206083,3,17.181617830127692,10.42431988847775,67.88640890855136,77.90979397931702,0,36.383271026838536,43.20427135264764,38.84078338719519,95.99849082376753,76.80899052191403,Paying Mortgage,38.41891520539801,54.40122913631098,1882.118975566575
61.298586206368846,46,Master's,31,50.51579186281667,85.44293867817304,Single,Rented,7,26.646694120920266,88,27,92.65455414356273,6,62.77570772615966,14.462833812344744,50.38971982925826,15.574693185344424,2,1.2168345382033152,63.023881238290436,35.90226166900861,10.518828487897169,32.283777773130986,Paying Mortgage,94.16948315016595,32.00048857613481,1912.5410666895286
33.39535232893899,33,Bachelor's,26,63.60018039889606,94.61962839485653,Single,Other,3,58.897258887634216,64,5,21.80164985319386,0,53.43644288593793,37.8353603261912,76.2038463389075,52.451894265580954,1,73.62375967151179,,16.51487121099744,95.66600884242133,22.390813154111434,Fully Paid,11.473596126091469,60.32823194505884,2103.4635509663035
37.54511200572125,35,Bachelor's,0,79.79467708924226,57.14485657480787,Single,Other,5,5.064532644372632,84,34,61.80324841811372,0,96.71640551360522,94.99609008768915,98.38390085407745,86.64487806342642,0,21.72787787671364,83.10067889897745,70.88571132042748,96.27865088280701,57.12618284426194,Paying Mortgage,59.7398891187153,68.65809280212878,2303.122999695049
22.03210287124283,39,Bachelor's,37,37.49477172386639,13.30866391727974,Married,Other,3,76.56132840221652,47,36,60.674769032553066,5,77.79861187205073,42.5458332634434,15.386296945383704,97.64156242738285,4,71.76923105413323,14.315631166407194,32.901261378393265,44.20276084304238,19.22320045270639,Paying Mortgage,15.716282299174999,55.90065389858901,1655.8829960497403
66.3713252520194,6,Bachelor's,18,22.53624253203238,66.13498400830629,Single,Rented,4,80.57358218764082,13,37,81.04099327350302,0,10.864877913293046,37.27770457892867,24.26943984557346,51.746555365372636,4,43.62671348044198,43.33420303683231,,57.61854125072724,56.61910873974069,Fully Paid,60.77227478371263,57.59104674173964,1812.126089073027
39.6851470341864,49,Bachelor's,29,53.73455884130005,46.20598018946303,Married,Other,3,45.374895393755146,14,48,64.69656840213088,3,88.92268915849871,98.95632818291398,11.583465834136975,12.9954904076921,3,68.11770960705276,37.26760954958379,73.33146612659061,40.54714728869787,,Paying Mortgage,54.82159106549206,53.95035904500061,1993.4936539350983
8.823432528563446,0,Bachelor's,1,90.07820001884255,90.65306321194893,Single,Rented,7,39.52884610696098,34,48,33.17775090046472,6,95.548089478083,31.341058621962492,90.24535392055206,22.885827582349705,9,51.89954564321649,,4.4332250802281425,22.10658650472167,45.568366650131644,Paying Mortgage,71.26210793483219,51.11605960413168,1701.8463666588552
16.035910560390022,39,Bachelor's,28,77.99157791054098,96.31577002561022,Single,Rented,1,67.81792934120665,43,35,5.016884349868866,0,85.2069837828557,50.63662535617891,49.02028542056283,36.18073680354902,9,11.116933275384122,59.0215235628607,68.1681590112417,93.43300082169445,78.02034968567615,No Mortgage,11.681231681212267,37.37335168314674,2126.116396730907
13.884164254798526,38,Bachelor's,30,65.22565177735441,50.70435369367097,Married,Mortgaged,5,72.49131428523432,70,19,45.93044789912889,5,31.48008261340367,32.00931090755515,70.03851331432934,11.374301941372433,2,76.1007290185914,18.63069181742739,71.91643817788894,66.85131814678218,74.81208001109263,Defaulted,15.759032215646862,,1740.6287728314899
36.58717031489756,29,Bachelor's,2,5.862955909861545,1.1556281014185599,Single,Owned,1,54.68020259145122,64,32,63.271512430099165,3,17.111133333742966,93.08730929145203,53.068814106244375,92.29277651739683,9,60.456266460423755,40.38871173236047,77.42221911560132,60.590894321329635,49.45154569583185,Defaulted,37.711706417168024,21.99802048981815,2030.4488606637094
60.81011868520917,12,Bachelor's,3,95.95534142999,73.26856913968012,Single,Mortgaged,1,72.64655537935313,30,24,71.40027085235114,5,55.08163254507053,62.741511127029526,,82.71787066580127,3,85.06005483015568,,48.80834771971446,38.14382981490072,83.13762837143706,Paying Mortgage,24.637139862798186,50.73435323222163,2234.8884803724673
14.184982191924211,0,Master's,26,95.65087462347451,77.68809957583076,Single,Rented,3,75.91624811633812,96,19,94.33797189947511,0,52.839898340148665,12.273931954430894,54.01074389217909,61.12067518581934,9,97.51924110715265,96.63972918742873,34.83880601020574,99.12664987450435,45.54781515951108,Paying Mortgage,21.6319969018972,50.583317965660235,2323.7913527923915
96.60120961276054,44,Master's,34,17.64266966024014,72.16585494841574,Single,Mortgaged,3,10.844361775126188,14,46,35.698180587775774,7,70.64764872194029,68.4722537221332,51.55199159143766,46.43348736103855,9,86.19099483043794,33.085180487264495,25.936582116749484,74.33154936552712,35.976346169672645,Paying Mortgage,32.788871863714476,70.19448245745882,1947.7200778940799
4.5109006285336095,38,Bachelor's,36,96.70554032283101,46.08812766929614,Married,Rented,0,,71,3,1.6436057932327164,1,92.1755245026893,92.60613727867529,79.88504602006344,98.17796032779894,0,1.0204187285245192,28.783434030151177,3.0624182237762865,9.410796873755945,21.884081695077604,Fully Paid,84.75320034620178,86.1966756157108,1929.3422779748375
61.620185855729645,42,Bachelor's,43,,,Married,Other,2,32.88606325306772,99,2,89.98480060071014,0,36.422788114621106,16.860680628951428,75.73417806725513,5.061084075717348,5,29.492613384531264,13.367024886470213,77.18182121026408,21.74168342552567,22.36752120549389,No Mortgage,58.67667638280274,65.96659316907483,1738.505994097247
1.7602523701344963,24,Bachelor's,33,88.41706585108861,78.77087308864188,Single,Rented,6,84.36380128457944,78,24,57.17373111603222,7,74.57821580012718,20.679636635760644,77.94883464715338,80.4546692142533,2,47.29159709784576,19.248076777042165,9.972360006606873,74.33612504879243,88.62613845298132,Paying Mortgage,14.41600603883696,93.4896448517574,2069.3637201240285
98.91020145393196,43,Bachelor's,32,73.63897900500447,96.77871919334493,Single,Rented,5,89.00984241876701,97,1,,2,42.231387785603225,25.334836447285902,81.82372870192299,98.58151058135157,5,5.6131588021072325,81.55424374190073,62.02300525347562,95.96988005510045,25.223921907695225,Defaulted,49.24422608665016,8.546602296514749,2257.908256832725
26.179000110270746,12,Bachelor's,10,,27.85627134497355,Single,Rented,3,61.80374805617743,82,37,64.26396706650264,1,53.539752742547684,27.72908562684234,88.00767088838444,54.147282741308715,0,4.016781395058122,39.75157515412355,94.78050183624683,24.965009275830276,94.15362460384927,Defaulted,88.2142314225861,56.36680450932987,2292.4358099922065
64.69394490806386,36,Master's,18,98.22594078707027,68.56766363336942,Single,Rented,5,45.14588460004906,78,16,97.60951791114886,7,,27.474503244002292,57.93636173265473,5.862870042258395,4,74.57977034187242,18.650058340480392,23.551445155666283,79.29822357248378,,No Mortgage,2.3063386997226987,34.680739931790384,1723.004712989866
69.89814026107545,9,Bachelor's,0,10.49903751251351,99.07324363757766,Single,Owned,3,40.852289576386255,33,33,71.660627556505,3,73.43096666086046,94.04877369692498,9.309599854301709,30.610396015761687,6,49.79901277547686,54.21956448860736,30.062690653864856,66.72596459823491,64.50845035298298,Fully Paid,11.376172171087662,47.69678910959445,1887.1952543181737
35.622688748937556,49,Bachelor's,3,1.3980791839511841,43.88367380841309,Single,Rented,3,24.97690128593153,56,49,64.41780901693774,5,49.1454143568052,35.448955078252986,,49.493232433923616,9,45.71205742680441,6.800028364757738,68.25781370900827,4.664145092581107,25.05015968847033,Defaulted,73.94835856213277,49.423592640761285,2007.6154429452258
2.864593131025661,11,PhD,2,49.95623111402354,70.89751459393389,Single,Owned,0,90.40817085413082,44,48,9.516390008021503,1,94.21466030661954,43.59344908911282,98.54047834806315,5.6839061079819615,1,58.10162362482695,50.05396771321254,97.08474014850094,12.965040049112863,89.59989516809134,Paying Mortgage,25.89960732996327,,2017.825403815547
42.92949178610132,31,Bachelor's,40,63.66291184450487,,Single,Other,1,17.029558425203373,21,3,48.156096777734604,2,24.768687844660132,68.51612006141862,70.42632868203458,35.79678255596656,8,64.40232166355479,71.30392752586317,27.733991793893942,0.06116351555870425,86.53756121021095,Fully Paid,,37.410513495630646,1820.643645729572
66.13393083885826,15,Bachelor's,14,42.99397477851188,9.722441792642478,Married,Rented,1,,5,22,25.937999522118062,6,80.28663723975461,38.655787373149266,,6.499026033876842,7,76.00472059609774,44.4802991036633,72.61811220000153,68.22871217636975,13.536246176025779,Fully Paid,75.53420154341339,,1482.4582433415555
37.80307668743104,7,Associate Degree,28,0.9222273587226937,23.00726211037034,Single,Owned,2,89.64374357187366,93,34,67.71449373291631,4,61.83403172799412,12.958573000998442,0.2080639176285759,93.1531801409579,9,92.69406627820395,33.383152370207206,32.778606916175676,40.06550017730317,70.60409839581683,Paying Mortgage,92.5354907099118,2.5440901132439353,1577.4140561470035
70.81959379725365,33,Bachelor's,6,50.5063784179996,13.70110286884284,Single,Mortgaged,0,31.75581396196847,0,47,94.3499229703927,0,99.50517532750057,67.36543307822433,6.885753760754154,11.771819908262737,1,63.00522021496284,84.31836266573511,89.82696496338443,44.79420112823861,4.852595157669304,Defaulted,6.65719473024351,18.873984569850734,1647.3375470984865
41.05329264558768,11,Bachelor's,44,34.01709503884896,46.765812418804096,Single,Owned,5,10.786433844424248,85,0,,5,82.88625731675518,92.38466241926959,63.54830155464882,10.587902147380223,9,79.24877273700713,75.08777765144899,3.672818890591556,79.89625252569712,13.7951010468357,Fully Paid,57.71348348692575,26.498077291688304,1794.437980041527
66.13482063119197,10,Bachelor's,20,92.395490982493,16.110990518583314,Single,Rented,5,,2,48,62.479992207274826,2,38.37153495003267,53.937455882402766,38.010599871580396,35.99079274936733,6,27.59830336711908,18.004989996678546,55.66058981802935,84.2765436150301,15.28281777258923,Defaulted,24.681174515403615,97.97206434538109,1662.4319941341998
82.87580737433393,9,Bachelor's,44,98.3280602575174,29.630204511928405,Single,Owned,3,62.636554197625784,61,27,5.097206881888994,3,88.32052018734622,97.0798149272672,71.65271762214047,68.2721177735303,5,12.594241635252267,18.923531094927004,28.94696886725362,89.01563625733944,17.296952460307512,No Mortgage,52.27857330514172,71.55696354730722,2101.880391005167
,26,Bachelor's,26,29.65217203911461,19.75973848410795,Single,Other,0,45.536773350356356,12,30,78.4094700579848,2,38.351509451030495,6.877060197114782,79.21057794149581,73.72696831257043,9,23.64039589531146,45.62958831277989,18.448787716439774,37.123493447411946,52.2243251566884,Paying Mortgage,71.48704106773852,54.329336037107524,1593.851250073989
82.89590172106733,27,PhD,9,91.92984383776745,77.78924758331542,Married,Owned,3,67.70406851477173,98,4,27.13690150250564,4,97.93758196664545,17.7213908269094,32.59979185356027,54.188095377268105,7,2.2220639519938357,33.69831224412506,86.53708015010581,4.346839932371482,42.89290590169175,No Mortgage,95.31825969108853,98.54753990044323,2220.0857280433684
42.19693806087417,45,PhD,29,64.27460346336129,24.95218575861523,Single,Mortgaged,7,35.78980855456479,15,20,99.19563708031521,3,96.19718697740709,29.585116521204412,16.45628766198204,50.306846347883095,9,,73.32195695814102,36.17775344387341,18.63652309305173,33.19833945432884,No Mortgage,72.64709321804432,48.18908860574845,1792.1901942146576
,13,Bachelor's,2,68.34265904180037,1.7631408934024706,Married,Other,3,99.60669551947969,6,45,61.26612471519991,0,40.719284968585356,31.96694712345898,46.3244145483808,14.687451296882692,5,85.76174997682786,3.795048626088149,15.087804682460447,12.511615964948552,40.307554270022806,No Mortgage,17.33579302113827,14.548264959926016,1947.5169079584475
91.50557297761544,38,Master's,30,65.54657014764295,,Married,Other,4,23.437158640380574,44,42,56.000436407725886,4,40.78629634256619,41.64904123690699,96.54909384377848,59.919709102110815,3,71.32530312512708,77.00393156821232,63.50510702024892,23.71943511339355,87.40459143411641,Paying Mortgage,74.18704850969559,99.65567392347492,1882.118975566575
80.2526534863316,32,Bachelor's,15,49.772737647806785,58.05670235907876,Married,Owned,4,72.08830745081241,25,23,55.14044749059006,7,16.058687072312583,89.58838370675471,59.54554827078453,82.49338376407947,4,21.997708065401955,33.75488131003252,38.153884247354654,97.29348125037023,0.56332783813825,Defaulted,98.04616351098306,99.61507905301366,2264.045040855502
47.658817891963466,46,Bachelor's,2,,94.52962449373847,Married,Other,7,28.63965784275785,85,9,90.21064657183129,4,97.10291312450997,50.98776547604066,63.871058176287455,57.63088198890566,8,84.59593654230126,64.45251356703602,80.13122648554727,78.63639366024132,19.10451606552953,Paying Mortgage,19.96480191813341,58.332047824377085,1882.118975566575
67.74346844463005,49,Master's,9,7.702669637123149,39.836128626674004,Single,Owned,1,89.68782418299477,8,5,85.21327196193863,1,69.8615306011121,33.967633854566884,37.99051886182262,95.81135288993192,6,77.37317369377926,30.963332370839314,3.9054618412556086,74.25701107424561,33.09118856783746,No Mortgage,70.765438311812,53.47868754331151,1927.266945166054
77.73731292105488,8,Bachelor's,28,58.913981587772355,1.2727281689920544,Single,Other,6,88.27368389822446,50,41,44.94367753080455,1,78.8144013967911,12.652567631557798,61.03077815400959,99.59066403863423,9,,76.9061473381171,35.03175258723286,37.18493027039589,72.40764217904032,Fully Paid,57.0570709130388,71.29057903648376,2297.1130098966596
77.75750270390502,27,Bachelor's,29,50.753832509207555,34.21413172970391,Married,Mortgaged,2,36.79849069377079,42,28,90.41079054576358,2,68.13655755805597,92.4644712582414,53.86699596854331,,2,49.37887702564081,45.70252804809394,0.8118807036994857,44.325734135933445,36.90297563825978,Defaulted,93.83297785765185,8.579108826203651,1736.64198392626
32.74763867146231,44,Bachelor's,32,44.33956658334408,2.7161301453653364,Single,Owned,3,58.11085216985054,47,23,43.07419748812953,4,52.1784766714886,19.209764520135263,26.608773586894962,38.401502972718426,2,44.00331530040054,39.24448441769249,56.47286003989947,24.183499495446547,7.8903272584582185,Fully Paid,25.125916346712707,9.159203414446871,1531.632901148766
33.63406385207668,27,Bachelor's,16,85.25002438794787,28.20676245442767,Single,Owned,0,40.53516136255215,97,13,34.088572446918455,7,7.467943281670964,15.226013011187668,4.485833618538582,29.240449356051347,6,33.94422057373845,12.369183206737922,64.5693868383918,99.66009120549106,23.232378953192757,No Mortgage,97.18470542807886,17.877628755048715,1582.483903112275
51.12140674591639,23,Bachelor's,8,,31.478381581281056,Single,Owned,1,91.45582776881581,65,16,43.493590036340905,7,38.54031185180196,35.75995256864599,0.09989922669426665,,8,96.94635295458322,71.92713850692155,54.87923123698846,26.92845198087094,99.92994759634985,Defaulted,68.11540723304462,68.24061619553177,2212.4638930579445
84.52517957571814,0,Bachelor's,21,89.51457368245677,68.53387819213562,Single,Owned,1,74.12376971371934,29,42,55.18799421186391,7,21.430826216183164,34.40407886147278,87.45795163873424,5.010702993996841,9,48.170547984400905,75.12301889080821,28.18937705993324,21.906682185959948,92.61328387732337,Paying Mortgage,10.46895682836545,19.303616221432108,1995.8687621625818
99.88260595142484,19,Bachelor's,42,88.55990948498354,75.51685922953277,Married,Mortgaged,7,44.466747083871624,49,19,6.929264946664215,2,33.79960313119229,35.135901433178084,11.865584470938995,14.685714864020227,8,32.82061685714224,89.19699127756054,36.82602382300805,72.43627065632184,8.27475038898714,Defaulted,48.189123127043956,97.79579469545045,1853.771033525247
84.62077698789629,45,Bachelor's,19,56.23363273917781,7.461905556870818,Single,Other,7,49.00906912143614,51,8,73.53676497325267,3,90.35312259127926,57.199194530670816,75.3585358999495,75.20443368826271,5,16.422068745957073,7.088550580912612,31.991363514030148,,99.78978527542169,Defaulted,72.62425885073709,69.33970262725346,1987.4634411321565
20.44819502505796,5,Bachelor's,25,99.8251790186256,35.861105228117076,Married,Rented,4,59.825293051705195,7,2,37.083408459398946,2,17.275539399072272,60.58529683838958,28.882778003107788,79.6992623979072,9,77.54145149664235,52.48335138013768,28.456671007985168,80.94440438786346,18.61005619392415,Paying Mortgage,18.39477061606216,67.42101603876478,1730.5734468159555
68.6236028115818,15,Bachelor's,10,,50.77309640122382,Married,Other,3,13.254877910487439,22,24,89.25114877785293,5,48.34690643233511,68.94795937285974,95.15481136767396,11.219856447056408,3,58.40191798678459,14.616535381183727,29.714931868899164,48.23614164647395,69.1177144577423,No Mortgage,53.487881546758985,68.46716274158618,1823.6453788272156
44.87407508475062,36,Bachelor's,2,97.29257104088997,7.558509240544731,Single,Owned,4,62.920015744966086,12,17,85.21479838520092,6,67.38985378607202,66.42179722788823,59.76821280278075,20.292588570198824,2,69.58946514633787,53.72522720033387,1.858033405509918,95.35568067200984,84.48160525721434,Fully Paid,61.64589351662961,92.32393837281877,2034.6132126848977
9.601101211365137,0,Bachelor's,41,83.5588608892925,38.06461466974574,Married,Other,4,40.914542187403725,20,14,68.70884721037042,1,60.05576560606293,68.48683400268473,46.66136228021257,33.67165972800951,1,97.7847087328057,42.684140936897805,39.17350962851211,46.426690242611336,7.621839344504822,Defaulted,32.869738721726364,12.142212233126248,1533.6971346293615
46.62567411173734,0,Bachelor's,10,2.429270339978029,82.4475046244502,Single,Owned,5,27.79581571309849,43,26,70.03935796352977,4,5.307278217136712,76.76754330372792,66.59300312206798,49.85261241463979,6,49.74113794914262,43.70240760986729,39.289229583117915,49.969060288612035,52.851517115976044,Paying Mortgage,71.12071607340226,37.762908014014464,1672.6120541639355
41.354052274348874,37,Bachelor's,0,88.95964631361936,69.63612669164726,Single,Other,3,63.57367782552691,15,5,57.91251852038592,2,41.76052473023968,21.20433621929596,52.154144919351396,64.87986245788886,1,71.47693584992595,97.51145070457258,89.69631217106169,29.158537351219525,32.67236831445983,Paying Mortgage,39.455277839364534,,2106.78012751937
76.19628388892893,36,Bachelor's,2,2.443130930768811,98.85030699282062,Single,Owned,6,51.85181326097129,62,9,62.11226029118102,3,1.7634829052346368,,57.84477558526964,42.656900471153605,7,89.33429528041916,61.14308072278889,11.571329956896959,51.09305765941477,49.725431594847144,Fully Paid,60.685970360294746,80.83263989215645,1898.3055625289985
74.90080542484782,20,Bachelor's,5,94.65083782919413,7.174796422571372,Single,Owned,0,77.13801887202277,1,10,49.14782344184464,3,99.57482270595295,89.71621948276149,29.250769502906348,54.10709207986163,1,77.54957516360781,93.0331433196455,35.88286069143835,80.55842491436275,49.840754271320485,No Mortgage,93.84218520987699,51.040468871903144,2057.253849305938
46.74105002574649,17,Bachelor's,32,93.20458362386226,67.85298454369423,Married,Other,6,97.13962669894983,16,1,38.78210887248762,7,88.8551382703368,99.07239105537778,56.858218068999776,77.4676768373454,5,70.09820060218269,4.415604911173121,15.76342317168178,7.098919115138647,0.987960664205656,Defaulted,,24.10297323359257,1671.7832481696444
6.460464808632094,2,Bachelor's,34,0.8052621625281198,84.25270512876104,Single,Owned,1,93.35623116027332,99,27,72.65707083277937,4,54.57774854056105,,62.03428613172159,70.49846384775807,8,35.56484328316968,43.40000165954771,26.062929787496646,17.262727026922377,13.892747991286281,Paying Mortgage,49.34417005625659,6.297644014666071,1868.844699756658
94.64580945905496,26,Bachelor's,17,60.3800768012189,,Married,Other,1,85.08126664701223,1,19,9.831146023723747,3,74.46807264245305,27.05348441339891,62.86312155688929,91.74069260927484,1,21.714415783991882,10.656288374105172,13.046236141972612,6.222269537884273,8.764237882974014,Defaulted,32.08650450239697,70.6560814322998,1882.118975566575
87.02416582470019,28,Bachelor's,10,70.97672839415536,36.28287247268736,Single,Owned,1,,90,33,35.48014192813734,1,73.34414938106582,6.314920190686346,59.334365718847174,95.28200617835816,6,90.88272140969337,95.01683407630937,26.915364097108974,75.42018658853506,23.877500831956,Fully Paid,79.74199712888259,24.720570371064944,2127.353050965255
71.5869543583235,31,Bachelor's,16,9.196456731751358,57.53817036099419,Single,Rented,3,53.66209028549586,16,48,46.35015661671852,4,95.28045855639408,60.389530014477224,60.577183662237374,12.802476286107678,9,77.28449442346685,87.72033440940048,41.430041183099405,50.21280957856249,52.20838091622765,Defaulted,68.94891563269572,90.29767236174567,2026.2886986119536
16.370581813841902,8,Bachelor's,27,62.386254161732936,69.57583379921807,Single,Rented,6,86.89994079518027,86,2,24.350626073859473,1,44.20830171893492,88.99601216153182,46.75402622668692,84.97130445803941,2,33.95700728052524,89.55617303268775,42.58171465117015,78.97654877946664,23.664354788190135,Defaulted,57.45782465305711,75.93235685784019,2013.0346236675705
8.95156997948855,49,Master's,5,4.681395723422755,30.369846912894673,Single,Mortgaged,0,,66,48,73.85710386348939,0,11.654668771519749,70.95677163980609,23.034415563211454,,3,,31.977728904889968,,89.95852164620958,74.18129092665151,Paying Mortgage,59.90715103352405,24.171373209131797,1858.7445284936186
32.765502992164286,31,Bachelor's,22,53.08079280904162,38.54241780866443,Single,Rented,3,10.747140396868126,11,22,38.56586897760826,7,81.27300494315858,57.963057023661335,23.576151286357305,89.4681174332668,4,20.18196081977629,75.2046927805861,70.93779303098891,28.927169372447803,6.202487535278312,Fully Paid,31.369763806990257,19.571341492826523,1505.1986661216033
51.60618223609771,41,PhD,31,57.24732279387089,42.54491165518169,Single,Mortgaged,6,14.364736507211962,66,43,57.32595702642831,2,77.30318987057171,91.98941808189646,42.684278889562265,29.3410910019395,3,,59.45984539489779,41.99857984559502,15.299578667817448,46.94267516589584,Paying Mortgage,79.92838076676499,49.332627679654685,2144.081328565752
16.52378902104009,41,Bachelor's,41,69.65307936042223,50.721368167808976,Single,Owned,0,52.48902827551506,6,0,49.95621559349236,6,74.47506930519049,72.77914886928968,40.9558732916755,63.168978722656256,7,42.15617561169196,59.72126941859932,,19.289374368137736,90.57720957855263,Paying Mortgage,30.838921290166066,28.814524861152822,1852.5529191142066
62.63651078809057,13,Bachelor's,37,,45.841383179219775,Single,Other,1,70.18733544543112,58,33,46.208460462489676,7,35.73486916645925,69.5828515362152,95.32160305061863,96.30641127630203,5,60.66222518095821,18.57211855009675,,,28.468568579944453,Defaulted,31.03101315434893,4.984687411445432,2049.767679797828
83.18704093509638,0,Bachelor's,7,25.175879878875364,,Married,Owned,0,17.38459978231528,68,15,60.112940993026875,4,22.852514770674436,49.37192044621054,88.39925500724087,7.789376559515704,5,23.33022875582914,63.30212195380185,25.98796264498069,19.023988380879896,45.88023153582921,Paying Mortgage,,30.069118672374206,1882.118975566575
61.35593048115139,44,Bachelor's,33,36.68100947554688,27.22543593844661,Single,Mortgaged,5,84.6725408789861,7,4,14.958970291336183,6,13.104220914543241,87.0664477618756,2.31462510270638,31.579271633582252,8,93.15393301575324,66.9481004890028,91.20302564513744,97.23287103103934,49.70982436773692,Defaulted,19.372878619658927,22.291886168584053,1820.2944286909371
70.85933076220029,4,PhD,15,64.20571467374066,66.52629243224601,Single,Mortgaged,5,10.546563000941944,95,6,39.13513387005799,0,14.647076007831695,86.77089477828771,28.4149644890044,78.300853993816,7,59.804582246702346,19.21428486965544,22.07035205509057,4.734840474656932,24.071242978226636,Defaulted,83.31453038624254,36.63926667148053,1742.888779312154
75.46217827656065,43,Bachelor's,7,23.98415580575801,86.23416119638762,Single,Rented,1,42.394950727415015,7,3,99.03260945268656,1,32.73455413990166,82.72048000867352,76.89840001764065,28.16357933534568,1,11.81626385339496,87.73061903120576,83.65630353048718,29.520900087836242,28.51954262844204,Defaulted,93.7737469895422,77.91372567975999,2280.90306097631
,24,Bachelor's,23,80.80114200967736,38.696107951773726,Single,Rented,2,33.331781516524195,61,7,94.82070618154644,1,50.78200146908023,83.93939711199121,86.57627298968276,52.2260404529016,2,6.4737766076480625,11.322579225121753,59.678823001444016,35.40658617935837,46.422516618919886,Paying Mortgage,40.47253114449356,82.26463471462995,1934.0297670353923
59.34761998543047,0,Bachelor's,27,26.434511772669623,,Single,Other,7,90.4918420344267,22,21,86.26181017594305,1,25.613109096211527,,83.45957386283172,77.10074386098854,1,51.83981907879688,91.15490483051731,32.59515439544353,15.667213434751803,70.87323325648647,Fully Paid,85.4585768809481,8.115924912471495,2078.8115960394966
84.36924034380668,29,Bachelor's,4,60.95812963036007,71.7271689187336,Single,Rented,5,83.31908044356466,25,27,94.91321529166645,3,0.3604239888287175,78.16812079596197,69.92747953353901,12.856826460296888,8,60.80622853051112,50.077949094060145,38.2219267622891,89.8672755563638,,Paying Mortgage,12.24108066865669,75.911909558426,1773.0889533176953
59.55492804058533,10,Bachelor's,5,76.54584472468639,35.78885307256893,Single,Owned,3,3.3730107457718983,96,48,28.17525783417406,4,6.297790798663305,87.33413076045997,56.85721531402142,38.5100678940517,1,94.67672854968892,53.02190478209937,28.292792908290387,35.02151301315095,27.069718092214767,No Mortgage,,85.66938033265644,2000.6603050048157
46.03808754259775,32,Bachelor's,25,98.34151152664279,30.388756797082184,Married,Other,5,76.0533988009695,51,48,37.50589441131063,3,41.61876609336957,79.00267616422848,43.87115488838005,43.192512134592256,5,58.16905847476802,85.62963087989714,30.83554392289515,82.1671264368016,56.59337486920472,Fully Paid,29.51260440060771,36.11375171057245,1858.402802217503
62.269324261997546,0,Bachelor's,12,92.00157769960067,4.64043585791547,Married,Rented,3,86.20064722685882,43,11,41.68406592603677,3,62.30710334025191,73.67563453314231,34.910411544958095,94.43976950101415,0,42.17988192845309,42.64648002270549,91.86841779432976,57.64046934353918,70.63792099030417,Fully Paid,22.369276476471413,72.35592919944186,1939.463689995991
60.78237721413878,0,Bachelor's,20,79.39387065319563,94.81628050203058,Married,Owned,0,80.84022997975612,54,42,53.60249609770508,3,4.201859126635965,6.941695859013763,0.7420307880650179,91.32442257836337,0,46.856137613341254,,60.92463103757779,60.95015963905811,29.653442935481245,Defaulted,16.58299760394938,5.31495921729479,1994.1879275194296
19.160335751853232,26,Bachelor's,22,21.782458732864352,67.66583044949846,Single,Other,2,92.18958025766426,96,15,67.5814866416092,2,62.28189228581973,14.712034506758464,54.373895616392865,38.606793345172576,4,52.36005730592373,12.83961718022516,35.948773385211986,6.344956087660359,97.9668130422399,No Mortgage,25.85247385449545,,1786.6569456135876
48.27100462391418,13,Bachelor's,11,20.02159970845018,5.202984694984503,Single,Owned,2,60.63453054846117,34,34,8.785618432651454,5,48.36900262647856,83.71474313251173,31.800641939440034,33.88429515830208,5,78.49961733922201,22.964467799014677,97.28713248219056,8.449010424482895,6.850296310213089,No Mortgage,72.27407677716215,96.08861292249739,1717.0627254599783
40.49457807988615,2,Bachelor's,28,43.29471211954022,48.846948224993525,Married,Mortgaged,2,71.25442652865932,18,20,25.100617877437326,1,65.72131996684672,99.44301792002706,65.21083405159366,60.66815461912912,0,31.25802588597607,91.10737569064791,96.9001874142153,,29.020049550655745,Paying Mortgage,,76.55882376436816,1801.9544755615639
81.89483743113387,12,Bachelor's,5,93.67194793273512,49.60348094062643,Married,Rented,1,20.59486447171971,66,7,33.34180014460165,2,74.94955054616756,64.06912676167008,6.2672134701965865,96.47375596019678,2,58.99606464760886,,78.7896313044723,3.4285135593203786,90.64151326404392,No Mortgage,56.13903731543727,48.20831988871461,2074.4404368555315
4.486746306259981,6,PhD,32,40.38835668860878,68.35808333247098,Single,Mortgaged,5,4.552549979974351,79,11,57.495488555285625,4,33.96453230720148,36.19540716482289,31.427009822092256,71.21089328535756,6,1.302528031292438,59.61964467224924,94.23813647342054,60.940791699630466,78.29216529408951,Defaulted,49.743665352301626,71.8392401783846,1859.9194465012652
82.41041238552218,22,Bachelor's,22,45.2172955590441,88.50645509166675,Married,Mortgaged,6,51.53743307446752,86,49,68.15575346293953,0,17.86317131268853,40.43762007162456,49.483906781987486,96.57337012362295,7,85.11970874787616,31.559883528557453,96.40282908324397,68.93408646762126,39.29401278174004,No Mortgage,1.652272978652658,14.615468227421358,2012.2402562256223
82.96857115563677,14,Master's,5,90.5142149645767,63.15781094790866,Single,Owned,5,97.83402327965834,47,49,88.41040229482111,4,69.36770364519221,38.9413542549104,2.908761858897435,93.09729142428444,4,94.91530533480511,,81.5241941069561,68.45960501163269,84.45099182672855,No Mortgage,13.436961389202363,39.1218165041421,2260.6548554300475
97.12949119729375,35,Bachelor's,9,33.41838423754696,35.09533247273796,Single,Owned,3,83.7815590810113,29,1,69.56277454030247,6,64.49822620531418,37.43827847146187,20.826782126756903,72.03202132860334,1,13.860149809820177,48.682942793742136,24.87156819788625,16.810686120613372,73.43253134949991,Fully Paid,21.618533237866778,31.000001121154508,1602.516100101918
96.66536713277424,34,Bachelor's,1,62.3807263920875,37.67677402044116,Single,Owned,3,28.71442707681314,15,36,12.490390532420292,0,3.966130497427045,27.254939506164543,40.073525511368366,47.816536327669155,4,27.499112978991892,52.30413346148723,50.90046215620598,31.617805087620845,83.02003306564782,Defaulted,33.226971874654495,94.73385120807765,1807.032544751372
84.51124130711611,48,Bachelor's,37,28.086066667901232,66.3317843674481,Single,Other,0,,90,25,98.14103203679058,5,44.85157072182317,53.106801982236306,90.05154924631367,55.164673609804794,5,43.56198127699494,51.63159888491179,9.671983355112957,74.37626742528903,10.9353933354973,No Mortgage,80.46224415404045,46.757036161329694,2278.294784278485
84.20155197185079,34,Master's,20,3.8264144989301307,87.24265429904186,Single,Other,2,50.228012926852784,50,47,44.9138537144465,2,53.37014971765517,45.25546619485679,3.6746876623554137,26.043523342350248,1,86.74356023210666,59.88699772268414,76.36831004497274,95.68260377492805,64.403927252641,Fully Paid,31.176405165212962,18.626718231289384,2032.7532866763686
40.33098879929115,47,Bachelor's,10,29.2180999418017,74.26342828675209,Single,Owned,1,91.1394536807284,58,37,8.697875106421115,6,75.20794375295792,36.02737197330106,23.54468255516644,93.13797192709534,9,63.82756194201447,13.678334392051939,14.490884040617303,10.321959145577896,61.62966668927432,No Mortgage,84.2627198862633,99.29650018193222,1855.3476813625437
36.63481847086653,45,Bachelor's,3,89.40937735563851,5.759182874984859,Single,Other,4,13.321859404012326,78,21,87.12876357346663,5,78.21950850680739,61.58188997898703,31.519934665434914,72.09325483419113,9,93.38989713039693,36.77746721542636,68.6016735979955,60.26162769346909,52.52060694570885,Paying Mortgage,0.31673141384003234,28.211160610359766,1882.118975566575
53.827723954483005,17,Bachelor's,19,47.78829946319899,81.47017590666546,Single,Owned,0,36.570053019507355,68,47,30.17575572502308,6,20.962988795134617,92.50866324861406,5.3972632550913,86.54170352961204,1,61.894649613881725,30.26056209087038,96.66976167943213,28.185095851948983,,Defaulted,88.10943963834458,53.632982528610604,2022.229482305087
99.03745229672121,20,Bachelor's,40,33.4493334011551,34.40137082711892,Single,Rented,3,87.74484836509761,99,45,94.05307166819652,1,22.06133316835426,53.2632744028782,22.43026268249746,25.967545558894923,1,,96.94585668207077,91.86731725779644,38.076757215771984,51.54224480069131,Defaulted,88.21997786174698,68.8601876316111,2177.203966805853
27.811124742435645,44,PhD,5,17.531091051463964,8.957633729442904,Single,Rented,7,51.09769156255564,56,48,59.58348969007224,1,32.49874095570861,93.22925758731671,30.404526963580757,93.98266426442478,5,31.456224046153245,62.840749643855354,76.16269727892949,50.13877680048841,88.21156871941554,No Mortgage,92.21948386343706,19.6307799895408,1954.7868892083984
88.42387450846559,40,Bachelor's,22,17.59416324782621,91.80475698814485,Single,Owned,1,10.587325557252104,50,33,14.74839747372675,6,71.12405918029395,86.05952247159513,93.55655602022196,78.46399144689325,5,43.36200853127659,11.211015418841964,70.97371925255213,99.27373044754869,73.67605947320999,Fully Paid,49.625997804183875,61.464663248290385,2091.317752980274
68.96742011028431,21,Bachelor's,22,94.22006614765466,69.66664676636618,Single,Owned,4,88.74851867073357,3,4,28.391829091838904,6,58.41946353345618,63.38277869439427,71.72829719321066,1.9032253592738413,9,35.94834518272126,15.485999752158175,7.5320042544554155,64.09643959973319,81.5336477491099,Defaulted,81.70397786091792,66.58565440578772,1771.1433688437594
73.53453218142022,27,Bachelor's,18,21.44938743893825,28.892183181584684,Single,Other,7,62.905759855963375,97,19,94.47301283260302,7,33.37747922695657,,14.985492058529438,94.59278612960757,0,92.64138785836977,33.67927887258131,71.5958904139397,,62.680363024547304,Fully Paid,96.71156173713614,69.21053978139172,2393.5937281571773
25.131896862631542,40,Bachelor's,37,10.212369802021337,89.99665197961907,Single,Rented,4,80.55268624050333,76,41,7.851121821074392,2,54.7420051873056,66.91974493788007,49.28543389049369,69.78030849052786,3,76.27067232232837,3.334369785895841,45.529984774734345,15.096499313029488,82.35742773513071,Defaulted,45.40935446043325,42.87507412983116,1822.8865210582385
77.25019656847066,48,Bachelor's,7,19.15939679029951,55.153424964636066,Single,Other,4,15.655067492785568,47,32,7.1933151481365805,3,30.002640546489566,62.67300866887852,68.51726903015472,12.420329396377383,4,34.104413519020916,71.31687630002831,52.42077189476988,22.27581135471066,84.6228323115411,Fully Paid,39.607185391669006,58.86075856938554,1822.4233926406112
25.782569593593973,18,Master's,5,21.73851042772743,1.480342281846414,Single,Other,2,20.37032916565763,24,20,57.847092301372406,2,99.99009770092316,86.95260833173299,75.99833692987511,38.64564140005737,5,95.66755370794907,2.337757539544416,53.79147001977388,21.799830438843458,55.78763158688504,Defaulted,57.576858155228436,55.09622214187242,1895.93026077068
96.0107039168562,5,Bachelor's,31,43.81006887910489,47.04134760448099,Single,Rented,3,58.018776330453235,35,31,61.161788275416306,5,25.303154353213998,4.212773695299521,7.261085259608013,24.338327926060888,1,,65.4976323062026,,43.6736677794641,91.31087869195494,Defaulted,30.543750229485724,92.4805479191647,1697.8593425462127
32.96464967477248,7,Bachelor's,42,46.593278330109236,66.6376524192404,Single,Other,4,46.958070335182576,0,28,5.752678371465414,7,63.78728330734764,68.67592670824648,5.8479263615911385,41.860361738396826,8,6.604553730600693,13.509455659530978,66.36489895040386,52.16381965906517,16.182866126829055,Fully Paid,91.26923734444158,1.5587584775363927,1613.6012504469695
64.26337734858546,7,Associate Degree,15,42.29066318539193,80.23439989819529,Single,Other,1,23.433179196600797,79,48,84.65195318772368,1,79.34560647157531,21.217845510890786,73.84251012428832,94.83844262726167,1,44.036393117879804,64.77709884140046,70.1775770487553,17.60877582692022,97.21832752385929,Fully Paid,16.43406012282678,2.052251171251529,1990.0639825998387
78.32641987897759,7,Bachelor's,12,60.350550344961974,68.68871185923985,Single,Mortgaged,1,27.109494307988303,92,18,68.11094986442595,6,53.51302003196929,56.25228436045801,70.01295624559528,99.68214498961827,3,6.523266126748684,7.795006943091876,74.29791344889568,13.635379511075751,62.245187449034525,No Mortgage,45.7319956210711,21.56631598174139,1961.7456056095311
86.61065613045422,8,Bachelor's,12,12.390803059694665,17.087043383847544,Married,Mortgaged,4,70.37810050346648,30,15,83.99039545565657,6,28.98354623796403,30.638289382570438,16.090528396350035,50.818488328687025,1,30.09755154104091,93.3629444033064,31.05295693420057,36.04593871067516,47.31650482340716,No Mortgage,80.8708644820744,19.03212231560176,1804.3248418344544
87.17463771925573,25,Bachelor's,8,2.164068997458468,59.4012700908084,Single,Rented,5,,72,17,2.819031549653628,0,58.271870213302215,70.60024095671912,80.99450091529027,61.053742730673235,1,68.25816721424148,98.4176642894882,90.5584584597404,87.16689092695127,30.217015335834084,No Mortgage,85.11034459651455,67.83262046312632,2106.510585432652
25.056175656798054,45,Bachelor's,12,10.9777895057392,64.75189872990458,Married,Owned,2,79.93251672586197,20,18,1.0722802894385097,6,39.882153140754376,83.52469488855016,39.03943730694043,1.1269446189398291,5,49.89240983592872,94.90047866727734,94.10343037895447,18.087403822141155,,No Mortgage,,0.6022040368406367,1489.2995970709417
12.717719819187733,3,Bachelor's,9,35.98780123338343,27.42076050602448,Single,Rented,4,37.27267048340943,47,48,,0,71.25410555436152,97.28577294847415,53.74881528341916,49.84902270344143,8,63.37881989072919,59.04372807789149,65.19330594757506,2.608328668472182,54.872348834907356,Defaulted,20.753013541280218,20.8332857488536,1791.3647143247433
,21,Bachelor's,39,29.56585718430982,91.20680598883183,Married,Owned,1,25.69836624874825,31,32,18.9588931097717,0,27.564423024227736,33.02582483688556,41.43481084316266,43.37282797746097,1,50.374369537472866,81.45128796164033,81.92850407420221,79.83131337633469,10.11248391164875,No Mortgage,12.025177348657678,12.472377005225798,1858.7938958667444
94.78627716349608,31,Bachelor's,42,98.93646425518628,61.06420666317776,Single,Other,7,16.712486151879936,34,13,31.487772591774977,3,96.52276595056907,69.79597110879232,53.085631739973394,96.88731386826049,0,51.200085661415976,90.56796353769808,40.43046580626566,23.042066535662464,23.267817682208513,Fully Paid,50.10703207072771,65.89508470054467,2243.656840786501
68.60759642621699,2,Bachelor's,8,19.10354777600769,63.253376880443966,Single,Other,6,63.98435062778967,99,33,55.74987596799475,3,68.14458761198209,93.76537855579782,21.18665397323024,25.59956205265771,4,73.67216436264017,40.656150342365926,6.269563888638407,87.49499914902802,55.767190470256665,Paying Mortgage,34.39829760610969,29.025122019090677,1833.8963160596925
45.54801723926418,33,Bachelor's,32,67.44612834443735,29.445689275411713,Single,Owned,6,7.829726698690475,63,21,74.5220126691518,0,92.32892682362865,16.89542018585367,75.13742653580107,8.364309058326702,6,55.189513949914584,38.83850446467406,84.45711476685672,0.43706447860122344,52.01794018985208,Fully Paid,74.34986191164329,4.306742630609717,1824.638304449182
83.15546881815776,33,Master's,15,63.04065185610449,1.4367359183389605,Single,Owned,3,73.0591433096617,52,29,97.2619463222973,5,73.32756958339769,93.37476352497319,34.68433045654737,90.08798989881812,2,73.2796719691153,73.6416911776449,1.8349876454093472,36.105969827819514,1.9432672408497886,No Mortgage,12.2196761829238,54.281089564810934,2184.786381612528
79.05562387626372,20,Bachelor's,15,16.020475439554538,77.85554599115385,Single,Mortgaged,7,41.03136276429379,88,48,35.92637747255976,0,26.756362308150738,,80.49786047345435,31.07566082035578,9,47.54838061832868,6.903441679766653,70.12790061297068,51.83582663019336,49.63748079728541,Fully Paid,90.46734375317367,9.04862918495527,1747.9042943187847
86.98240088870314,37,Bachelor's,27,10.41707266620383,83.15362865093536,Married,Other,5,63.562805583569514,74,22,65.9519954669955,4,57.50857058923729,,91.23766137307182,1.8214030931977931,6,72.88702930971634,42.715604114967434,2.483440748001431,,64.86373691382886,No Mortgage,55.1863635834499,,2068.1538562408246
31.832521305626727,25,Bachelor's,27,44.911044086525244,19.794978304895018,Married,Owned,1,93.67720696870856,5,24,11.009530526188637,2,77.93658357478758,72.58647108264728,95.18838057611306,73.81462844673898,9,26.17431721831024,92.47686864359017,17.95438707941669,90.48966114731265,31.266254334591036,Paying Mortgage,82.66830272711707,0.2495453600829145,1811.37953370185
83.20883176808307,26,Bachelor's,24,66.61833328505901,36.53195631648434,Single,Other,1,37.225864189475224,48,19,14.06163568822839,4,,3.1559549061333625,97.70142595998944,19.85286903854141,1,57.69716547767951,7.998595794069663,60.245326316359495,85.06266448136131,4.789802146742483,No Mortgage,39.44774409821187,15.949063383120999,1671.6335735790178
17.609648026745905,41,Bachelor's,41,54.42446209836146,3.905617881643908,Single,Rented,0,48.87824176847179,12,40,84.64412084833488,6,81.78877421287493,54.3815506842666,67.51624290976669,56.05980707077789,5,56.88607973611776,25.74653325319257,44.027917084078524,28.07754072602432,12.288778946138901,No Mortgage,85.19872181847707,38.10807706423057,1950.7486477221516
,17,Bachelor's,11,13.862106336748969,61.74363798900691,Single,Mortgaged,7,86.3306166977948,1,15,5.3498208088684995,1,60.9620283798881,47.03963528439723,42.999254002430675,57.30706585169314,9,93.00190588194958,62.56420685518778,18.397849761090878,56.25810537646628,13.325650583301163,Fully Paid,63.0516985213998,64.84833418701278,1597.6856764077093
58.369658280341554,18,Bachelor's,5,60.92383555719223,55.40170191076188,Single,Rented,5,98.06541915625388,77,45,86.7283885889112,0,7.5384254643755195,4.9049888269887765,83.75995675057702,48.96558578716983,1,31.291827065521936,39.76498583230128,70.01867210119319,91.53267369320932,8.776147447888594,Fully Paid,79.30127248793653,31.553927072985466,2283.245695408191
35.52166141315596,4,Bachelor's,2,9.553964549731052,19.4001814415213,Married,Mortgaged,7,18.747933083192002,86,2,91.25577718786599,4,73.1324176674438,73.40759156936286,10.53934739508633,27.08360376956658,6,0.8681209226308662,15.830953138391013,88.048718264694,23.98740590360515,97.01539625917218,No Mortgage,23.72584876346904,49.71308034842128,1811.8321223406388
21.909482270011537,48,Bachelor's,2,94.77760314674711,72.10651073028873,Single,Other,0,21.878874580758346,8,48,0.9923207163087922,0,75.15636317769093,15.885207615965601,34.167403995128296,16.05623778081763,6,5.889632542771517,84.04066555637142,94.21963388357298,67.66279428063,21.296545000143418,No Mortgage,47.72398748089313,60.462477220225374,1792.0121114831945
66.86630898116874,5,Bachelor's,44,8.139205801795823,46.6256054243495,Married,Rented,3,81.9711622753325,1,18,34.211307889195076,7,96.26521402274274,65.15939141137936,29.69709573515703,92.96974986654456,4,28.460721182704198,37.888156940195536,19.942885830395674,97.10739982658218,51.72964958900732,Fully Paid,34.64997710168477,86.08416030974757,1930.0555183893423
5.388684842716396,48,Bachelor's,36,77.47221653145773,75.2257926473826,Single,Other,6,86.4999612606053,39,34,4.695403923240149,6,20.676585943370064,28.61209078237872,49.32148435955936,,2,54.477559567202384,33.152769103149694,17.522751301703,76.8481229287306,39.997614908714205,Defaulted,64.46967183511181,90.9637922306656,1969.4497395949465
70.75528311402199,4,Master's,8,47.248502537138215,96.95903364546007,Married,Rented,3,65.75548758333389,10,2,29.238011271526375,2,55.207669628124776,29.274982518700643,98.40595723854112,29.174516824116758,4,10.327616553190033,26.062651333707564,4.833213978899109,55.950863343732806,75.10646831324317,No Mortgage,36.791093781607074,1.6616226727160566,1651.278184320078
83.9522055722212,27,Bachelor's,36,95.52866138494954,39.202705607897705,Married,Owned,3,97.81568756368222,47,40,49.44322008289883,3,98.55746299043462,70.77603058254037,44.89314454335113,1.2115270109602339,2,98.39282017016178,52.30609089730519,18.242668548911368,2.2093747104774852,35.470375812420905,No Mortgage,99.65541081758809,94.53679748120027,2049.709158562034
72.94199932542568,5,Bachelor's,8,70.70493049229883,41.887322669535244,Married,Owned,2,83.60030388086295,53,3,92.69735707917681,6,41.40279237553608,59.83789431994963,42.97748344413661,46.5339226732051,9,16.108424691711154,10.366913548223678,0.2728744513015746,31.400037561212667,14.741376648442738,Fully Paid,1.1238982665376929,22.71954146877032,1661.7838263936446
33.27115819323739,3,Bachelor's,11,9.703577850992506,59.500977751840104,Single,Rented,0,79.53783113303597,6,29,32.17365163129623,4,66.10837672688547,74.9055612208408,24.590304256326668,32.177057024849695,0,36.27368681208765,99.96563089563388,77.79433028274258,,69.31110595470572,Paying Mortgage,38.97441836269749,48.85811449750451,1909.3252947519693
41.68697833644374,32,Bachelor's,29,77.48602686966518,85.44204093813946,Single,Other,5,52.946485197146664,47,11,30.333538239498715,2,89.60825606325922,13.93911737303507,72.45228385789238,51.451999828834325,1,65.15926064807248,60.94668031064728,,92.6471204559658,52.10796961040165,Defaulted,50.922881384811106,11.58520383013676,1950.5162322823687
47.04712510750304,18,Bachelor's,24,46.843527870709366,9.770296768314823,Married,Owned,4,79.03682248650875,14,3,56.75373675354186,4,62.727664059651424,14.550964564532109,43.63513239631892,65.47625285062504,0,86.30739985905736,18.050711984439715,95.15421467554984,5.913941201559226,98.3762134568902,Fully Paid,66.02727827621713,73.49955002644217,2061.626236155842
7.269200591879644,4,Bachelor's,8,54.73812334694351,21.544398711178914,Single,Mortgaged,5,65.28730929701598,24,34,79.66583738498375,2,25.353866251917534,81.78464430604302,5.4759386110306725,69.91833749902953,9,73.12903860658882,92.74612802434268,75.00340979469038,44.19653553113824,15.097568151388074,Paying Mortgage,46.070552692137156,7.531232345712979,1717.6342638230756
71.9055397776866,29,Bachelor's,0,48.31010920939101,28.096105317302154,Single,Mortgaged,0,68.78521850421538,20,48,8.928589891793582,2,,10.818665732466059,,77.15701704845335,4,69.02895299335833,0.0048123894311746795,93.17976544659986,55.03832353083729,62.03388640619995,Fully Paid,56.13690172183667,,2031.307954795356
60.97018321515439,40,Bachelor's,17,91.35625558393029,,Married,Other,7,42.85926070951713,63,30,96.63107088924127,5,78.62182306426043,91.70515920403795,68.33254325358847,,0,96.99520478171866,98.75538288615654,64.2359823716778,88.69877578719893,20.03493638486028,No Mortgage,95.28876128848597,,2334.774172448336
19.110643809347895,42,Bachelor's,5,29.19760086655644,92.06138979503481,Single,Other,3,70.24971168239118,38,41,34.803894342153896,7,45.81383629241397,,74.1966705314293,77.88736482559626,7,,0.6516315691875274,47.70499377168822,79.39044001326909,63.00447206413533,Defaulted,64.46420066063492,90.69460031486639,1972.4563027066758
56.63818006102074,29,Bachelor's,25,,3.7485947125340258,Single,Mortgaged,7,43.81047896475763,27,24,41.90314170841275,0,80.25020338654403,29.621526165170554,9.681205659514314,52.02555846134271,2,79.71677722253737,96.83192062321018,5.530068632834839,59.16894737431089,68.12785303147999,Defaulted,94.25902142769115,71.24507647119775,1882.118975566575
52.17894112444659,16,Bachelor's,13,72.52003965957537,63.53995574791122,Married,Other,0,14.37412560197192,16,39,7.603406330863449,0,23.357089804673713,46.84299404952507,91.5956595465678,58.59372296875067,9,28.40900603188071,92.04466238957856,42.71439251099783,58.698548300678944,45.99321966253888,Fully Paid,22.327912693240194,68.61915004846021,1906.0647903154593
71.82420262721205,27,Bachelor's,40,92.06750962396303,16.121241391836993,Single,Rented,3,0.346845924349537,32,41,44.633402572063794,4,33.78921445934604,89.22798858564818,61.6939138048048,52.72867240336843,2,24.371169628118583,62.405844277734865,44.68941600565761,91.05160099320064,49.16387161140497,No Mortgage,41.672328113600074,78.92629969912849,2134.9759913412604
42.48391981092704,26,Master's,14,59.151021976900175,,Single,Other,3,81.05931608770096,72,8,37.53078420284921,6,52.22136796277246,65.31357727815751,17.143314117818832,37.16276184384021,3,44.238911710745676,80.25435689765567,92.71847450602091,97.43458249772866,89.83220196913693,No Mortgage,96.2572886161193,81.2395241746047,1980.6625722952285
83.71755836394877,1,Bachelor's,32,76.79674965078999,8.152473092858624,Single,Owned,2,39.785801823725606,8,41,37.57007744220836,2,30.769224365307313,21.007495679007803,17.29108029905222,,1,50.88516452498815,29.797455234664426,15.916019772222633,83.01433650525942,97.14920564732138,Defaulted,29.095042555212892,60.149295297494135,1917.7656874630818
77.53289809534257,45,PhD,26,96.05922878561792,16.50373305200834,Single,Other,0,57.241437797299724,69,39,12.61099813368064,0,52.19158706823186,20.190215339993923,93.56193563286571,22.747564664629127,0,,53.57966461869441,30.763760810008968,48.9272519976084,22.461691645820192,Paying Mortgage,77.92266510822553,64.10862839596584,1882.118975566575
34.07393557110129,0,Bachelor's,16,93.0742218281428,47.85953785959585,Married,Rented,7,37.07135636457107,43,42,69.25639915143327,0,18.49996975019794,23.036766342481606,26.356388918551744,23.01834913340015,5,11.593351065750635,38.73584897079607,62.505357297036646,29.085997394293084,6.527438470165803,No Mortgage,12.596677630468633,83.58430248681552,1608.7905758503384
65.78635056049697,6,Master's,27,57.80401116288002,52.280594967231345,Single,Other,5,74.23763828726379,94,5,73.9908711588883,0,94.71096141455892,25.291459449776543,74.21790382951563,5.4626288766484565,3,35.08478240521797,76.89094395474751,86.33042864353935,36.48210422175162,,No Mortgage,41.69069652234766,36.08003932591692,1857.084243439426
18.312345978451773,39,Bachelor's,18,89.01426434798877,91.19685798632257,Single,Rented,1,27.65648124156246,70,28,8.503245350193723,2,82.11421268986795,86.15903527724993,2.8631704733641516,93.91592325551193,4,61.451867967484986,69.33875276153121,10.73452911679098,4.801186560919268,78.49121544507291,Fully Paid,10.711251531512367,76.2667816387642,1998.7369187682357
84.91630701436206,8,Bachelor's,1,70.08024813019439,55.013967482531676,Single,Mortgaged,3,12.451546883362042,54,11,93.34114295517512,5,57.20946067281736,29.76114247214261,99.71136340127393,68.0817089953536,0,55.98368028535897,41.583405026802964,88.83051522966474,48.24993748657461,82.35283759812472,No Mortgage,82.43323377352483,72.21886124756745,2405.7038368303247
85.48777168075819,38,Bachelor's,39,,12.737603252785101,Single,Owned,3,71.08566734662811,84,28,79.29855833149475,0,73.1548682538566,38.13876630735658,34.714059709477596,84.13595989593323,3,97.47369472575073,64.81795582653734,,62.80545311504252,12.27409464589828,Defaulted,98.50955233397977,23.526943784670685,1891.7380650319174
72.22780990363495,43,Bachelor's,20,47.04649826176024,,Single,Owned,1,56.50515862904033,50,1,90.00968114631178,2,17.416768092112132,41.3273177378869,77.0548980693568,98.00623153872844,5,89.93591996761742,15.837389729913964,91.44751060090049,87.84449129510794,37.69499111663895,Defaulted,45.990892195516075,65.61756309664169,2204.8363585286324
26.083561598301575,2,Bachelor's,44,28.200256942620182,76.45165610361319,Single,Owned,3,90.87568169332881,10,43,13.140537180546374,2,33.30384233986733,58.53305418900621,77.93930542442217,92.06160842256455,5,67.45037787662376,46.59817820381513,60.5400133750524,9.416380885282983,88.39225419612625,Fully Paid,4.01350504349427,91.99021256598975,2031.6256848875203
48.93019738368687,36,Bachelor's,36,6.140301929535608,24.706664542420885,Married,Rented,5,44.004146765420224,96,21,19.093678435076555,2,24.284430300044768,93.87716110143897,1.090699531779482,0.5753262323301311,9,48.8062459913472,16.33640219009105,49.451956297028445,41.16611051699864,89.03295253423687,Paying Mortgage,97.62698050329523,62.43927642958425,1829.451732274831
15.184344564527564,4,Bachelor's,23,30.116553700125927,24.513216483451362,Single,Other,7,52.65265331751754,8,38,57.83066494477291,7,14.814121772237565,99.35649993533153,64.42728659696768,56.749419948106286,1,2.3654373098312753,93.96391915495781,64.39944728541982,9.162648449929122,2.0952170294524897,Paying Mortgage,60.93957634322407,61.40154148945852,1709.8316097495751
49.96672917814411,30,Bachelor's,6,1.9415559876565625,28.246923032749805,Single,Rented,0,99.61151701929123,87,10,45.31254069036049,6,73.83921652861429,90.41407489043,23.530839807537074,17.539033497361256,9,97.69731627255192,74.9955101104078,28.45807390476489,41.99554241477856,38.43176354583717,Paying Mortgage,77.13707788722239,58.897543476152016,2010.082852708233
27.495911039690323,0,Bachelor's,7,58.011703304203074,82.11927583636141,Single,Rented,0,2.194146759756399,96,33,64.8110587790972,0,76.15073096765236,86.61779216450523,60.304456929954796,81.59045863814569,1,22.85870587048169,43.06676895328402,67.77365995807833,18.72469489387236,68.03521921518914,Defaulted,79.5575273892632,3.6835817103303303,2219.315700462757
66.79826378293944,14,Bachelor's,26,79.63018964232812,,Single,Mortgaged,6,74.7578119475975,71,36,97.56521313912715,7,32.53278267641415,42.16937137181817,10.953660497737127,24.7544287018046,8,36.0849926279359,62.05526585948811,66.59656183070332,78.1829275143312,18.280003024563097,Fully Paid,44.83363414581806,36.48410612382735,2263.053289655153
98.29052328596897,33,Master's,42,34.76529475832968,78.58283238902646,Married,Mortgaged,5,10.749932099224235,40,24,7.298271473095086,1,71.60136409328436,65.39213699257515,76.06696381675556,17.81686160228383,8,94.11449472038798,61.07842698045377,61.1336346952953,73.64396421132689,33.3204232125859,Fully Paid,91.6233833313215,1.0895473025342994,2129.8434579397926
87.01130411088653,21,Bachelor's,40,82.3912127456629,89.19274781260559,Married,Mortgaged,1,39.04784405261067,43,24,50.14407471415529,1,74.52184771961558,2.0478461124399328,63.02381571061616,43.65711233085911,5,81.83730538698947,54.760798608467674,88.56218234589471,71.28055923916904,55.28400087640528,Defaulted,3.83490509254073,2.7083654828207737,2207.031398735862
8.334932692085207,43,Bachelor's,8,54.22901390113669,66.24157460811585,Single,Owned,1,69.87357051503005,51,9,,1,77.68739122188217,56.32350688751798,66.90954448552571,32.7551764840762,9,23.116581965392026,97.92999974174053,49.700297251031664,99.60769157965979,48.978597806126636,Fully Paid,,3.95955717990778,1835.3986790280544
90.47698014219513,31,PhD,15,57.983423367036316,99.67282140794629,Married,Rented,2,97.58805437588852,99,8,20.454395754493504,2,71.11111340505745,77.4360386181588,0.05099890159435683,50.5027088502294,3,87.49118332547884,15.290544405022855,66.64562495748334,26.606219032492483,,Fully Paid,24.044812540807946,9.500276182293065,2148.9903613279366
6.928490144422583,0,Master's,32,69.02597417930808,6.103371857323781,Single,Rented,2,93.65049809018454,39,24,13.40827719549832,7,11.854093697564828,45.48864490728314,55.200427988531764,,2,71.93558317505232,2.000516442616851,97.34026089283562,22.160725674239544,66.3900092116291,Defaulted,5.96738603371072,47.218360663446745,1665.270190578673
51.676063429679964,35,Bachelor's,7,20.916268343226506,31.18876842149477,Single,Rented,2,51.46127912377616,68,34,21.572349046560944,3,88.13552403057496,17.150982298024275,34.680221978800375,97.01017643315615,8,28.259083253753236,56.3941769644487,40.43261228494788,48.99651763271299,35.51661913907085,No Mortgage,67.47630413914187,77.85418150861176,1964.917500812923
,15,Bachelor's,25,42.733638991005066,90.14436858492466,Single,Owned,7,47.29837666521338,99,28,87.70119589428535,2,89.5435100756106,7.629354331391324,92.99315989816455,39.64061537256561,2,7.573283745947556,71.52429571211358,73.56887486702045,99.69108892977727,76.88552706898138,Fully Paid,,36.655093816659026,2296.0259099549894
19.601864530485813,24,PhD,9,90.61606345318933,91.27266260883977,Single,Owned,0,25.50594524694749,38,48,57.81622005994637,6,33.86719248874972,70.64556853165807,82.64839409810713,34.62742664774085,8,29.633025109185652,13.736865457490277,46.735872722718085,15.593515131607827,46.28447576579773,Fully Paid,73.8731105462403,2.7568240835845637,1457.0927164020047
55.47463038319256,16,High School,41,67.15277878140677,9.89428220505234,Single,Mortgaged,7,41.9258098425614,24,39,32.91154128948273,5,91.64653062325394,84.97816987402305,79.77039302997684,98.6789945570083,9,75.10537912135338,98.2802539705019,0.6990785399174082,63.404837643636505,73.89715319532895,No Mortgage,88.38443041843428,84.19606812337943,1882.118975566575
94.57912719417038,3,Associate Degree,1,54.46390556178581,43.527223886394125,Married,Owned,3,35.917035116978994,90,48,44.69380373650883,4,70.79715076398824,32.853511659620594,,26.485240018248035,3,29.473227577669135,26.182156558079907,63.77114238867135,95.44960284547797,68.57437323304836,Paying Mortgage,78.41322586084434,72.78776220711732,1964.6967642818893
41.406194021334144,32,Bachelor's,0,45.1882493650932,0.9063098186644414,Married,Mortgaged,0,80.4988558976122,68,41,54.11738301381054,2,29.06621213482635,30.519383443995263,79.65420660296458,44.9029245585937,6,9.45287640004956,47.292011686177936,46.49550236177304,65.3458278205396,47.10674777451407,Fully Paid,50.78028847985136,90.67894038860251,1862.9367816729466
15.944141162021241,18,Bachelor's,29,15.060027342759275,,Married,Mortgaged,0,73.94128893979615,39,38,65.77962650257493,1,73.5624150217509,4.288675983941093,19.0590301120826,66.41437572413672,9,97.184209147679,86.83962094619007,62.63023324067365,81.90574556693498,88.75800485895678,No Mortgage,84.94115879493195,19.47937836376018,2036.6222640772737
41.334226414881535,5,Bachelor's,3,29.050941277818897,60.85190982103903,Single,Rented,1,23.44014537237358,62,45,16.89570411013186,0,30.30467483185866,10.81319723393751,54.690901926522805,76.36486339125541,7,82.62913649373523,12.756854721543132,43.56118578222239,60.94151036580991,67.60015609419074,Fully Paid,72.89654270978811,65.14298121960167,1804.8572970453858
9.422808894086765,19,Bachelor's,9,,68.6830395751549,Married,Other,3,77.9044870197432,7,22,70.85615685819504,5,12.455538839948932,65.37325001261435,29.57239049516747,76.02712434028336,4,68.39786768204107,29.49929469839797,0.8994292817431138,63.33579119730955,11.326908315892236,Fully Paid,92.56094483569375,96.92459342110902,2169.7155371505537
23.592308732761257,30,Bachelor's,0,78.74895686293738,7.392171664576363,Single,Rented,3,41.02857106531591,60,47,93.77849568016148,2,,82.94600939812217,89.88857538621453,6.813426377648368,0,32.02300409685218,43.44459512198786,16.9264750715419,49.62058799500081,66.32143272984561,Fully Paid,66.57930951976158,6.644163181790031,2021.4183745478103
87.59873317074103,0,Bachelor's,43,13.144601664821243,79.74489200763102,Single,Mortgaged,0,58.559182522045425,63,36,,7,21.529829732144613,33.6129422028087,84.74208876266557,38.64797499874585,3,64.89419359523328,34.780964958591674,29.39786307580683,47.52549026080286,21.488097209278912,No Mortgage,6.2078484032036085,30.397027597100546,1882.118975566575
32.07040933635693,46,Bachelor's,33,4.537725278032245,10.653669360837192,Married,Owned,3,40.479540586173826,84,6,59.67222893673624,7,97.78918579104594,,27.622731356527343,70.95791938782651,6,72.97354999183952,82.014406795187,,9.842986898934026,10.476385768111884,No Mortgage,25.237247652147087,5.854142195007794,2049.837825416564
40.12291809806058,31,Bachelor's,22,0.36158617715676966,,Single,Owned,4,86.40705031454688,24,2,,4,51.60052921737911,73.50138084607978,9.465438039363915,29.669669762808613,2,42.912331778188815,93.88696739093145,99.14005415521356,52.665982611141594,28.804400978485056,Defaulted,15.931073552501495,25.204685967207052,1687.1594723254639
78.48799094992822,43,Bachelor's,20,73.27618613816828,12.507123945056907,Single,Rented,5,76.34448955760644,66,0,14.214331338038944,6,27.19558460388496,14.64265416489,41.031555147388964,7.518058501402591,5,,57.42666896008981,8.970487704196783,89.0083169546758,96.56358287081144,No Mortgage,70.46398194407197,84.19386306424857,1657.3958548558426
53.98435225427023,32,Bachelor's,6,40.06370441880279,92.98424936337062,Single,Owned,2,68.86891509311674,35,40,56.71731001852015,5,12.278479811915076,51.822689347487774,54.76857230291441,33.44144513546124,3,6.868468621938872,14.513969326614063,54.62738210112592,,88.09087649911007,Fully Paid,67.39198740845364,39.120344171442525,1688.0318115498148
39.978774754224844,26,Bachelor's,27,50.51912287527692,59.29053414052634,Single,Owned,5,78.92195914275945,37,7,8.62731577335456,3,41.2049225889386,83.5237316824051,51.33924021256768,73.10663732984578,1,46.44926696283156,90.13176651635843,22.43139093057851,3.1522185307112927,43.34087337134764,Fully Paid,45.44635068414695,,1993.24056594842
66.98050412383195,25,Bachelor's,15,39.57506052859877,65.6008108470918,Single,Other,0,35.9096383536391,21,36,85.73313701326595,7,7.598865189554161,53.68090852774561,64.86830449042336,71.06573770668567,4,77.0011389902282,35.94715762893416,17.943277213548214,20.458337215043855,1.1978689470164339,Defaulted,9.174405087997728,32.14886927901909,1893.4490917662436
62.82100771662478,39,Bachelor's,25,13.408314219804696,19.30722737967313,Married,Other,2,84.07461546868151,89,26,,2,89.26153340890316,86.87574316050558,57.43550703038779,22.177550978089066,0,97.56330653655054,60.777322387740206,78.10977551241966,44.98646953614197,53.20072754668064,Defaulted,70.2920998061968,85.14710138868774,2107.8654205939415
50.73635432245636,48,Bachelor's,17,93.92477228751088,31.607971867950504,Single,Owned,7,93.67681333721023,89,16,62.67125759567877,5,27.164113074417408,74.0753801291965,77.84768291162368,83.11879560164448,1,68.16065901683092,30.42532834097621,73.90403874984554,46.29736651457122,59.754437452722,Fully Paid,16.19829269298243,17.802952960536366,2118.7035808119617
7.7568907262134505,11,Bachelor's,2,6.62395020883535,45.746699230291036,Single,Owned,3,23.200620128180717,22,35,72.85425986619441,5,8.11817053916929,63.77456662457177,47.707717155921344,93.45655747071388,9,72.616641969916,73.086082304457,22.150078100918734,90.32236249709361,49.118320042960306,No Mortgage,14.585555888350454,25.780391699196926,1760.9760007800426
58.61071179372228,31,Bachelor's,37,64.0553796644048,48.714536278080885,Single,Mortgaged,2,34.169834049022285,22,48,93.53694994047291,2,4.206584721517004,13.881668224332088,7.903267573291206,58.88693902072113,9,49.855764028177596,37.00620628699755,80.38763771441994,32.04896372653623,45.82654823968083,No Mortgage,43.335120693063935,79.32155360131891,1640.182987572912
66.16843562366648,41,Bachelor's,6,66.16114965083923,90.49952259723248,Single,Owned,2,32.26120614414177,9,40,44.52121220658587,7,87.95215925860875,25.194021240911347,2.2250125495225204,13.580710556919229,5,97.78114891381948,,46.1948048124762,18.06365509475325,74.50365341015922,No Mortgage,23.98417484808896,19.640596764907137,1733.6431928419709
55.25197803669779,37,Bachelor's,5,56.33889305968312,79.75209993180094,Single,Owned,2,74.60863228216274,47,24,33.22365952468594,0,24.06252267293857,90.16454232550885,58.05315044577366,12.32964663712478,6,94.85487173608759,41.85655981373586,86.33865647893623,25.64286946517077,57.0922151800373,No Mortgage,92.06884411696954,48.58233671513007,1908.9145950670347
63.968810214542906,0,Bachelor's,27,9.34930116544308,27.969501335697665,Married,Mortgaged,2,42.600507941634426,15,47,64.70622070490494,5,71.69988580831188,9.98673529219899,14.028230859967694,15.968951246208407,9,68.32355451381677,65.54275011031041,55.549349646499216,29.280599869510283,62.08897045993515,Paying Mortgage,14.541615009261488,68.95972903277331,1653.5856900951774
12.958216792992271,19,Bachelor's,21,63.09911542136424,41.82027843427241,Single,Mortgaged,2,51.02132023643106,95,41,82.06222542831536,6,51.17558875571745,5.4964061378651845,57.397471046831015,90.05779305631646,8,78.63171446992621,15.992903857633923,35.84494471335636,23.320491665023578,31.591528245563595,Fully Paid,36.47838133702479,,2046.636486730815
43.850124827457705,28,Bachelor's,44,1.1373366004648666,0.16524881419711646,Married,Owned,0,1.5273838062884737,97,30,56.679984380471105,7,1.437020592674898,2.0861472637409006,61.19808635302266,2.183187635242312,9,18.33838334937381,71.07073618692773,15.505972141241342,54.00934210977145,8.061128846621756,Paying Mortgage,58.492109472482966,,1692.9788593901537
84.85861892000055,0,Bachelor's,1,92.05077894865823,7.778520020046797,Single,Other,0,23.821405282914764,26,22,83.72857778497611,6,27.40478081979354,40.161857407923705,41.32510032332763,49.12729181044718,6,45.24700504143424,51.07829905154797,53.17089965810524,81.99004299844582,51.73344984794952,Defaulted,,79.73141440866252,2194.9746470473824
31.937166643826174,14,Bachelor's,34,90.92239295496341,91.13081631625708,Single,Rented,5,95.85531853126267,56,41,7.198193705642875,2,79.06273393830772,80.48854979915286,89.23771145932997,5.146670517596908,9,10.742448793707627,20.07421831657433,90.02165023806064,49.67912584296958,75.85449208966136,Fully Paid,41.6826503924852,67.42402806643378,1863.1293342282736
13.34064812782133,32,Bachelor's,20,97.08912590581185,82.70454911428297,Married,Mortgaged,5,57.71771953713426,40,31,18.20676122780246,5,94.7893822684675,0.3778185203477058,97.68293218758518,72.88533698737658,9,69.78198430863102,81.78751571851274,24.53620559864359,77.08956832795819,80.43696250082402,No Mortgage,4.192635437798353,20.412228455809768,2021.451535930158
20.064640888939444,6,Bachelor's,37,88.43861674538583,25.217110566518596,Single,Owned,7,52.46211016193748,86,31,7.942369963257645,4,78.5093306497992,3.0780831753523086,58.58822449895921,59.44640485272361,2,28.64648171450218,27.88366132106962,44.04836513396781,35.69149014715152,73.63458626893268,No Mortgage,75.89210379062663,82.00417911986891,1889.5867036682532
92.29811327341477,0,Bachelor's,21,71.43651619473286,53.40093173071892,Married,Owned,6,93.0168714647678,77,6,20.495766223228063,1,69.31870037873944,56.14490173110046,36.697637339645006,4.438900120691791,6,49.89128732895759,21.145950938688674,17.313679127383253,50.84165513575169,58.59042356275439,No Mortgage,58.73894744562131,90.0339963874295,1961.9331174558124
47.31732580213538,35,Bachelor's,9,9.581157965679699,47.604418288760144,Married,Other,0,64.09941161261558,96,23,91.7098768583007,2,23.808718204457257,23.48737010875004,99.61529042006461,0.46005457258844196,3,86.96865810608529,67.22736540247367,36.273381821694414,,89.3520754589041,Defaulted,57.33284926111635,96.75191878052406,2011.9614838363668
98.25603619264702,44,Bachelor's,30,37.18128729306647,16.482188299022628,Single,Rented,3,23.11318606256029,37,48,85.35658372113794,6,91.39165788960331,34.26353916281711,66.79015127348595,96.66499966821125,9,67.98849651049338,29.59238110626332,26.631231559797463,57.41566664315519,97.92645980332182,Paying Mortgage,93.76369703165807,91.43635202447616,2251.060257682056
25.376261234499474,40,Bachelor's,6,9.595852986317432,99.36980301271583,Single,Owned,5,8.757281726623011,93,48,33.73808454831456,5,69.73835240876468,34.000926690790536,6.487921809393848,50.54416567178047,0,0.5841600121510249,9.557537353853062,20.72906435941523,34.80522869909342,54.10512228305804,Paying Mortgage,27.618381440650374,86.93493438130818,1717.5212512809596
14.505064080142628,49,Bachelor's,17,71.72054798944384,43.12369913906071,Divorced,Mortgaged,7,11.04276364633331,91,20,46.10987546341103,6,81.07614681476385,82.45758703294446,75.92694196633919,36.54541591882737,7,34.94829772240141,67.97912012713397,70.27465744890765,96.5000209476719,45.36412314437085,Defaulted,53.91908707225317,15.061856011323737,1999.8802801741933
46.1202472132136,4,Bachelor's,36,98.00991031079778,54.23000740240844,Married,Other,6,45.293287057345296,44,48,67.01067957222666,3,11.900539071826255,47.31008614900908,28.62231010257139,89.40975279890293,8,45.873332713674195,58.80477183456377,51.40410915785326,83.02435279704073,23.14531713196404,Fully Paid,79.20842965739526,52.807141173680485,1939.8782576851079
40.21173856479573,2,Bachelor's,7,62.028700948851004,85.65412206887946,Single,Other,1,65.33982675899892,78,19,98.79523682065647,3,42.717478967300934,28.673968943929495,47.68612917912745,87.2871478122922,4,97.79000472861887,99.3307194307798,59.78213785879017,33.15442036954014,22.30489683220238,No Mortgage,,47.511095848335884,2059.6128167068114
5.732427086440584,0,Bachelor's,19,54.485355783603836,97.37593072430137,Single,Mortgaged,5,73.74764718989887,20,35,30.102608704169885,6,28.106514894673516,,96.379071446408,14.549135745701424,7,8.572296842928228,21.856778661252196,44.41687808728045,99.35973657117101,48.85630511653793,Defaulted,69.44249495236485,96.82935582729513,2086.434951107086
78.33514001242445,22,Bachelor's,9,64.44523641647399,18.074030653922158,Single,Mortgaged,0,56.664671835416705,7,36,40.806820303593085,1,32.445065364633955,37.92411197620679,78.28967686723345,75.8956651211598,9,95.3770740076004,79.55574983947842,40.76082032178909,82.15085168980919,50.86746320899383,No Mortgage,30.29170681310124,22.384238856339834,1932.6318418215399
14.499295781975341,18,Bachelor's,43,93.10078096491232,58.67703924938955,Single,Rented,2,50.63615596305083,14,30,4.3557580354751435,6,5.9930433118891795,23.60276051928252,26.56697558564416,99.43689763667939,3,23.918644893858033,68.6788968358385,85.93574785164519,38.705541260208655,87.56180199406924,Fully Paid,19.701587961501932,32.96388243277235,1583.7325498476393
60.93563739279924,36,Master's,23,70.09928939891488,34.74383632484667,Married,Owned,4,23.87136918487337,72,23,97.49745626029103,2,,15.752732555351635,53.32210023081314,16.47758868271182,2,40.87125227395189,71.99396443474602,19.238318122424978,82.18713548708459,32.61323270161658,No Mortgage,77.23409755538425,62.53923997135148,1946.440919666877
30.802535180193736,0,Bachelor's,14,33.262453320683974,72.56976947831409,Single,Other,7,22.144744191015576,51,0,75.4523676563289,2,94.64728292974468,34.28451068821686,30.024884691613853,68.51785781802198,0,37.84717648136534,74.6846974893977,88.37359561360547,76.68036652069574,3.419648557083299,Defaulted,77.44809584543674,66.9290238153186,1889.0111070321436
76.00224190879035,47,Bachelor's,6,46.08899696277167,4.643365539104794,Single,Other,6,68.53952459095386,42,40,7.983893135040021,4,82.85731454392989,32.19938963267649,29.871518712461498,30.509498115351263,1,83.16534876101952,32.97224588276676,59.25903474444618,13.89332294404545,46.87787382810221,No Mortgage,15.883914770624685,94.7562639960059,1901.6523377700087
82.42547219650078,47,Bachelor's,21,1.6867181734858683,72.47018129156055,Single,Rented,7,29.91955061317254,42,9,26.324365627324664,5,85.18641745141498,79.25487412932213,44.275428575061824,72.45750577523876,6,34.08418550780681,72.58743434952848,68.3499154466378,61.909444219360196,61.795552104325054,No Mortgage,38.45455126425382,86.90758150677024,1898.6759101963844
16.23078454964608,38,Bachelor's,12,60.00274026791299,37.598666907040524,Single,Other,2,30.825798950482554,38,10,65.69467392113518,1,98.80557186241089,69.10901864951653,93.15196275969177,11.793319489517451,6,31.099470201195366,,52.58685282282677,51.898125352327874,57.50471664439502,Defaulted,97.13297002123198,87.82586914391464,1882.9226098642505
11.83672395755816,33,Bachelor's,17,54.47248766557845,55.32644020327305,Married,Other,1,2.0979994833933313,89,2,34.76278014389943,1,24.33545199182823,9.976803385080634,81.72264190930922,8.665740539417122,9,,78.13865697237004,,30.83011038682084,57.329737008666406,Paying Mortgage,28.227106724910044,27.518907242754164,1483.9052026188256
79.77903060062494,47,Bachelor's,3,3.656577790910842,75.92134152107181,Single,Rented,5,90.75063492653965,78,47,30.812640760385246,2,50.207160731982356,61.027554888933764,,65.56198804449888,9,62.02048319408592,23.960482291954566,43.4394893877355,21.020121445252027,87.53051567568016,Paying Mortgage,22.498141557381214,4.120869574154629,1931.980173366361
67.57386646535419,21,Bachelor's,8,28.89769962480321,65.76774337926304,Single,Rented,6,98.82477323959093,47,7,34.82994173861882,1,65.50590173405827,19.424312143375776,35.620293050970986,26.344340748754092,1,34.4568229458775,30.905424200034982,20.73779804363417,40.902712091464835,19.550259019655357,No Mortgage,15.45018114953034,91.33047149587763,1896.394355541617
,37,Bachelor's,18,68.55280150108364,46.757096225241746,Married,Owned,2,,45,32,7.731879285780763,5,81.83845563594515,1.7031461088003574,58.21076831802223,88.07721087266889,1,18.32558646890622,77.22766257019431,25.50864311192933,,37.79892505692351,Defaulted,87.4101063016566,61.84434719336769,1813.3152768322407
40.59614563395893,3,Bachelor's,11,20.771552172469143,96.25287065865552,Single,Rented,6,42.10851343386198,65,7,5.802962709428073,0,95.77866361101015,42.679593606315954,35.64811586605511,99.79567155022859,3,37.524140689024854,38.586081334160184,19.495949603351047,51.222305744753896,43.88550281680058,Defaulted,16.054008660175977,31.123886866755367,1618.9104247350745
50.86833276877293,5,Bachelor's,4,54.285535103133896,6.344930366003787,Single,Rented,3,74.99627217200269,73,8,72.67805523552676,2,33.950590727184384,94.27452535006329,50.287547765914006,96.74264320830139,8,47.755659956318006,6.240232027687065,63.02102623992848,7.870700136851639,17.53678025403773,Fully Paid,74.87438516644832,16.396211881807478,1607.916318951034
84.66320532930678,13,PhD,39,97.94416419712951,11.034222778877723,Single,Owned,7,71.7281617225717,46,26,45.15282148790869,4,,51.57722876737236,92.8371843721051,26.3784102448274,4,,62.129703421678904,4.654003956497399,,37.443615734901435,Defaulted,80.81056645452729,55.21538195470366,1853.7652569740644
0.17050315022650864,13,Bachelor's,24,46.46460011407888,96.57266234117883,Married,Rented,5,55.88008343539963,60,30,,6,,15.9426206888302,63.45667993449942,43.016445251449966,1,53.976448714749516,98.92667452184176,34.97395908439835,96.55592183186582,9.620574166259455,Paying Mortgage,11.432999466283533,27.357157355527416,1835.010917872597
57.08408353221244,9,Bachelor's,16,59.361470438056074,91.23530869891383,Single,Other,0,39.999459680949975,4,12,10.611346010363942,2,24.286465053126626,16.62594283013965,59.27707197430223,76.13099154523792,3,57.820460567659616,9.81244131994602,93.519103045757,33.68961853147729,99.75056931735013,Fully Paid,77.88234493358115,2.0067095406966717,1852.4904968718295
54.34749203843633,8,Bachelor's,33,97.2340376595683,60.83829531497954,Married,Owned,6,46.869006722914094,93,9,85.71159423173673,6,51.88326758482592,34.746964149762164,63.9573873332081,44.58773419148427,8,37.78091004324337,99.4072138049325,4.851187002628721,69.66669119009266,84.11887050712471,Paying Mortgage,56.974823116329,70.75544169787575,2351.639505628766
42.93427372996557,9,PhD,43,66.53892371680176,53.13104368892952,Married,Other,7,14.909789446939492,73,47,61.137005655957324,2,56.0411510015611,7.36610720170594,54.485525711930194,55.26956887627854,7,72.5057500272294,24.955239221512006,88.84261421878568,57.32426648480058,60.637947857403375,Paying Mortgage,85.7773595969114,93.0965115016544,2067.782452760972
77.49906494949082,44,Master's,41,48.88931428637425,16.391720294358493,Married,Owned,4,2.749333162757006,39,16,19.40299482396042,7,96.17866143085604,76.42435154076483,31.97484012265641,95.16040689185482,4,45.544964464014015,46.83001989551471,41.07444678353919,23.299205254593968,38.66321922137057,Paying Mortgage,52.8027350730221,76.1736902212518,1854.6296250845219
35.87978571573526,21,Bachelor's,6,38.52849260339827,90.12164642607902,Single,Owned,1,8.464993460641068,10,6,33.00708004491545,2,61.018301083681706,90.88513778823216,45.75671235723014,98.77295553064411,9,16.055394264217448,19.00092948312523,71.61110355892511,5.0397794243381755,48.034157622222686,Defaulted,43.3218635177845,74.99174220717195,1971.8323013465574
45.881292824143415,16,Bachelor's,36,6.956118348641471,58.43376360811219,Married,Rented,0,41.40006828847249,55,34,41.640927947780604,7,16.210935543020145,61.91146953034209,50.55944016908456,30.507163747934907,2,55.1188359541148,47.73615269606953,66.76693147712001,80.22903079813608,97.26687900335762,Defaulted,87.4439985400383,0.10915410229569433,1801.0464651890352
53.02356927258912,21,Bachelor's,8,74.6826506149094,41.227252247437974,Single,Mortgaged,3,29.025664043586062,34,14,11.601851127913953,1,66.00129942084604,54.629806987888074,43.02000967426576,15.244288440790354,1,78.97317633200116,88.9621235789257,70.25765699642201,5.991217588088082,67.04097766011185,No Mortgage,31.525124302640506,19.58732079599845,1602.6629870751867
77.57557906202047,14,Bachelor's,21,23.67722614039034,44.46444143253616,Single,Owned,7,28.710396668811057,44,17,45.571938006528676,6,17.930226474164446,67.5005088582357,57.65350007681589,17.27310409477446,6,79.91443889716636,15.745133364626518,18.650668278577598,97.84342239890394,71.72608514766307,Paying Mortgage,59.094896015160124,53.41118384025133,2019.8783974199364
84.44732675138475,22,Master's,21,64.02192043670053,4.024085841838032,Married,Other,2,57.97650089005092,47,4,71.38474496287269,4,,57.84472430027753,23.002882987906005,1.5375624044496994,9,23.102617584429296,85.81626771823575,46.63641188326113,53.06355823724562,75.39365442663667,Fully Paid,64.26508330805682,93.8431815412743,2037.099441470221
98.22984363204193,44,PhD,25,66.33258578816675,10.37501769205339,Married,Mortgaged,5,43.922947716918834,90,30,7.161191208951823,0,81.90718846115088,80.30461265598736,94.54505501177889,99.75477616173603,7,41.01379857214415,25.032844380203223,75.84101904270625,29.92728927440308,80.64003601313297,Paying Mortgage,79.39272752349538,27.587987971701043,2103.777377556085
50.80273155538209,6,Bachelor's,26,93.66882392848946,80.48589154657158,Married,Other,4,24.408001046248586,86,22,21.320428276094905,5,44.75464814142238,15.865516996309392,53.185710935716436,,9,46.69582985454108,59.01085520935618,4.690641038115051,40.20927494109968,25.76619198366853,Defaulted,,13.903415881837756,1742.871733352035
18.287424811797116,30,Bachelor's,5,10.029696692788924,29.794045872903908,Single,Owned,7,40.411618154615994,2,12,39.51007530147893,0,67.38893989463809,71.23876355626481,62.883978855868286,34.193021759842225,2,38.71577061334354,70.06217301596945,58.35801862336887,8.179911382744976,64.30935582189974,Paying Mortgage,37.07021806146994,87.57857809597044,1642.228785755692
84.30143548449627,17,Master's,44,72.37496526342933,81.4097006967236,Single,Owned,3,23.08535529354232,36,35,93.8788264213076,6,86.38701476312454,25.82029594685693,97.0641246749888,59.740789198158225,0,3.4129904071177886,14.748453080470847,18.757315781875672,76.76191228265967,22.276587641694988,Paying Mortgage,,69.25175092535177,2050.878983527875
21.781651928520752,39,Bachelor's,41,95.6481097231227,12.564097710959643,Married,Owned,6,58.37614208779856,65,30,23.838569215346816,0,21.61538276063797,48.37036083151729,95.66065054635719,83.97840356173904,4,80.63289748473585,35.47509359462767,81.20452385515591,92.2915743553214,94.70357878370544,No Mortgage,21.136664381511316,3.972915336469085,2226.134840324763
14.720022816015577,46,Bachelor's,40,46.50441535582911,66.08175834598394,Divorced,Mortgaged,3,63.063104715416316,76,36,81.74352692338844,1,67.9756587682372,29.33283332065102,79.53831741226179,40.21704270424106,6,93.43052686364734,2.0626632013764357,1.1116782334373632,77.02792521767134,,Paying Mortgage,49.43967027742624,4.193566559886874,1736.3269657519727
19.244560536124077,0,Bachelor's,2,58.63625045259787,,Married,Rented,6,20.261570069617672,97,48,22.32299302939379,2,27.092161131005287,39.77319573036873,44.10056009311637,61.880630733042366,9,33.034801190716244,84.99845354992085,9.34789209266269,4.187469897321472,50.40451831234613,Fully Paid,39.24898012342302,89.67781168692343,1885.951264605613
24.148303620747335,20,Bachelor's,4,55.66905814103094,83.48534905367518,Married,Rented,2,78.96945127369878,73,0,74.59668078860847,1,12.795816410830286,56.990944668923916,49.21339923973399,51.792173364144176,7,89.48370467062514,45.353710676571836,45.57320412800884,51.5186958872616,51.9589278334257,Defaulted,64.94004673774934,27.745699488794394,2048.544962465649
53.15367969539899,12,Bachelor's,13,17.773615462153735,3.359318907950748,Single,Other,6,81.49673380198462,47,15,5.693495693731343,0,,93.73992755778612,1.0303398453738954,41.2619675059035,2,38.44182067297683,9.310928060046075,30.28949428617871,49.801039383443346,18.515168734333308,Defaulted,83.63431957858374,87.2617970196613,1548.127679867045
4.926073471073211,16,PhD,14,36.09947587924671,84.40409134460755,Single,Rented,6,11.301262534697843,17,17,61.639552477685925,0,17.602815278772688,99.01728054184318,42.18367323682938,9.706932815493662,2,58.38937137265947,97.90694033834728,57.195110161919786,94.90414766166371,44.413285075802676,No Mortgage,50.000735931588224,69.74254581555553,1693.2250220024403
36.76159664513327,36,Master's,43,51.099184997991784,60.70322382630962,Single,Other,0,68.69099786832132,73,34,,4,26.00233731449689,,31.40212505833905,45.23448529996449,5,77.83622637945345,85.1246123505876,,59.34612224518362,28.324906227737443,Defaulted,,14.299755119543878,1903.1000209102815
66.76977617064715,14,Bachelor's,13,78.34801485088109,99.92765259462371,Single,Other,2,42.17814846854294,72,13,79.62783782978285,2,12.125271213239063,55.90677276092374,26.504352871134262,38.44330974291502,1,38.27905879178834,80.88011061354547,54.272236693825484,0.9800526933971043,46.98438202398473,Paying Mortgage,47.75506553971711,40.4692721447877,2025.8584384986577
93.19792195573815,4,Bachelor's,40,95.92385846504754,17.76362265442959,Married,Owned,1,12.545808954098192,11,1,52.10960689927538,1,65.49806940388882,28.784029307680193,24.079930993813846,12.824820564506489,5,69.07566561823386,60.98771273081059,4.084044294998835,76.28288663942945,64.18875771484792,No Mortgage,58.72021298768121,30.395190666170812,1992.1698975444235
38.15205521893203,17,Bachelor's,25,20.065001547767626,15.84893231822786,Married,Other,7,34.41635267518039,41,21,87.05956337262845,2,68.64123437411651,35.25621422424852,98.05271682972928,29.891915928407688,0,51.563997401984516,15.073108427593773,4.44944268183991,69.82692319477086,73.22592825084566,Fully Paid,,53.82394482471339,1792.2468870886748
62.980110772193164,9,Bachelor's,19,,43.9963149507692,Single,Mortgaged,4,16.25051560591824,21,48,47.03396146259821,6,41.621968075762695,88.97356025039052,98.35203077227345,66.98425087026116,6,50.79332671720627,93.46208403539079,83.1586485672828,99.17785717660391,62.309373532778054,Fully Paid,54.28681399782135,25.912010427142285,2289.2757373619875
35.47551711297577,39,Bachelor's,14,37.24840325041087,38.669253800555566,Single,Owned,3,27.291884740433392,40,35,10.278557855729641,6,30.183129787448358,66.08079429275284,31.920393582553075,43.11634931348017,5,99.25380699054777,50.76103832751758,2.4237594164172815,54.12306587611441,87.03539993056498,Paying Mortgage,70.0906684129454,13.94646545990349,1851.9945734612807
65.77370789874723,26,Bachelor's,44,27.69897817848854,24.214469973925056,Single,Other,0,35.31314085110525,2,48,28.125929052512976,3,90.14775814700164,51.876194580150795,55.32368711396226,33.20080113171888,4,81.52218542121183,,48.73543708786357,63.439725949708446,10.368029037102922,No Mortgage,57.75212879124432,74.24960605073649,1814.9747288052365
23.483604914753286,29,Bachelor's,8,21.749318282011444,98.5903827123464,Single,Other,0,30.042018743063224,37,48,10.527306220633847,0,0.6070622813812321,71.26828160440627,19.719269237204106,12.958453712476292,3,77.10442979389815,10.66130863112108,22.983899579869536,0.8464421617309537,96.8414862695618,Defaulted,71.98996363846994,65.13831711560145,1757.598477160806
14.436455886967437,9,Bachelor's,40,56.8963135925293,,Married,Other,7,72.59224369960053,12,39,76.91289016217799,3,25.39874492050217,48.78029888688149,23.64595760623557,62.28001384773098,1,12.72431727430331,7.188789140512264,,49.40725774332068,61.773121635463,No Mortgage,74.03284847553586,46.172291816669095,1711.7047349663121
,45,Master's,9,2.28207300148473,,Single,Rented,7,24.00958962784876,75,26,38.34261333139071,2,82.05597309882025,72.49822592095967,87.11964372184073,17.004989290165927,7,11.938350385867336,16.101833282423637,53.30826606748024,97.09120703627649,35.723541661678205,No Mortgage,3.820079498917972,92.68722028146583,1875.3736065962169
18.11526073049712,41,Bachelor's,4,20.079826431886083,30.27140600731607,Single,Rented,2,97.48077672500773,72,8,62.78124290700053,5,88.57823579196284,38.821109964310196,67.94541440499191,22.815372825907907,5,37.61224309222736,30.406353750650272,25.387883939007484,4.96687059008093,83.6746331752459,Fully Paid,88.73655156029676,12.546538906806026,1658.8855942441498
,6,Master's,4,57.45043275013978,28.705660611915572,Single,Rented,1,82.6500666980728,39,34,92.02582501117742,5,21.495245015692078,91.57921565469869,18.947962009551723,4.8423226417269145,2,72.69663444610399,92.32740863535494,63.72856468144399,95.183854696666,9.237083927589662,Fully Paid,60.41919507436641,96.61163224927549,1919.4437375220411
50.2721308954724,5,Bachelor's,24,33.785712913695,4.360338358621263,Single,Owned,3,6.717283689500897,58,38,52.8482000959547,7,81.09912730552394,7.585378579492074,20.19574743856899,65.77106691553425,4,29.069981364692055,41.86338560479791,44.51996462706344,91.05522508215965,10.345828370495303,No Mortgage,53.75648165827139,69.82869266305917,1689.9189704947112
63.06372889592436,44,Bachelor's,10,21.46826916735075,45.08742314022398,Single,Owned,7,60.54527661379176,1,7,15.610499763740027,5,40.08632388049265,33.68785451388722,63.73541578683929,53.56651079334027,9,47.197720293765414,27.773714855425712,95.2825314946477,8.640915976013897,93.88909994653072,Defaulted,51.26614453672974,10.884232282754613,1784.4436230131862
7.093106837100926,42,Bachelor's,26,56.234788893532006,,Single,Other,5,51.601754341762984,19,45,20.271659651068752,0,36.89702095355373,98.56598475582383,36.81557403627879,35.151662491072614,3,96.15168066268193,97.6209605796433,70.72061464669852,75.46063656363536,56.34021759730277,No Mortgage,85.97796549704965,48.609530319502326,2183.7812555652354
61.9862262830103,3,Bachelor's,44,35.56168302055702,20.81840256006242,Single,Mortgaged,3,90.35081053570586,85,16,90.08735925371768,4,3.17597887404798,63.31189552850368,95.1396956260918,7.916700047536207,8,91.54786028697147,0.969516833437456,63.09129264658232,47.49022918309627,34.69893186486106,Defaulted,5.270209458741693,75.30630462874002,1930.4230559641949
0.44794769197076256,30,Bachelor's,37,30.747593520558247,,Single,Other,4,88.4164175193483,40,28,9.826520581332032,2,94.62969204384414,56.090752807037106,66.75621017861715,11.28838184918476,4,46.44732619596725,95.12647989837258,36.07846415915289,87.74840413175336,12.028859342571153,Fully Paid,60.06129769105182,85.98747500702684,1922.1103578311267
0.3316704404901505,18,Bachelor's,4,15.369365626989495,3.696235022056038,Married,Mortgaged,4,94.88596501778021,92,22,26.4559127995585,4,66.74431761818748,41.40959327426338,68.02420845169307,40.13128277437509,1,71.89787471768997,82.40876121707437,72.88061990193877,22.911466775667655,95.6635013477613,Defaulted,33.26852973756406,26.00924345348955,1952.2623272902892
4.8126227614850965,40,Bachelor's,43,98.96897161914701,80.80895864043981,Married,Owned,4,46.53071964186813,48,38,52.60908377837612,3,72.68820563185973,35.67362688921079,57.132025155603486,90.98708740804472,7,22.72480911839545,19.283116571334148,,41.46838858234438,,Defaulted,80.67447434722521,79.74269303831825,2083.2311898380776
49.46851488165819,47,Bachelor's,21,,1.1046360056648385,Single,Rented,3,63.83535841526275,0,25,,7,10.764242183346385,64.70350245670872,75.57674009492924,32.15497080127121,8,,94.55435621759695,30.75027744634301,80.99878750170902,59.39440528068588,Fully Paid,47.76135697110965,77.47068680155616,1862.3018821259898
76.8137129614871,49,Bachelor's,26,12.225303629022887,42.51637446553163,Married,Owned,7,62.41624559078753,39,20,97.19900985807263,0,41.04418903391163,9.509379980272936,24.2376459649256,37.67593433261502,4,23.056688223908097,22.756266117868574,77.78299791402038,96.26416629468812,32.36129677514562,Paying Mortgage,25.808046135792072,92.7952254965632,1863.1591132142628
67.29023601653982,0,Bachelor's,14,52.761233135838225,29.299690691153202,Single,Rented,6,3.317275703518896,17,14,62.311948809468454,7,44.0880233134864,35.99988094397729,64.83363201525238,47.01197660664689,6,35.238275910646536,74.02843402628352,25.72925675830445,50.875309262614685,55.2569751901957,Paying Mortgage,47.17805289126291,27.927863789849216,1735.1306660236012
0.6000781673981992,21,Bachelor's,32,28.020286713891995,40.8042998818072,Single,Owned,5,60.598627026505724,25,31,20.90842029449008,1,66.43586916546444,56.11123857080786,46.087020523381426,89.97410909797443,1,74.14198908629999,15.906384061818335,61.57338334821452,87.06235634113132,45.79017854781379,No Mortgage,,13.602642487760274,1763.3118755608618
70.582689528211,41,Bachelor's,18,12.694253158894298,25.973533046674792,Married,Other,6,22.340462463622647,47,6,70.56149627507266,4,8.062095217578324,6.085915180478074,42.315031546491035,4.184794488293431,4,22.300018103847783,93.92124932899587,48.64037550971114,44.63257524422016,78.05386926395002,Defaulted,60.730904094814285,93.514670625037,1712.988607403688
42.2259260987077,30,Bachelor's,38,25.94746289659686,28.92670728360325,Married,Mortgaged,6,30.526242901741472,88,17,82.78142443441251,6,,10.046621150850065,55.43919783669155,32.78009686421096,2,46.62569273026208,66.64967409043015,38.49919477358584,80.25422571573417,73.85232465713936,Paying Mortgage,98.51896896773886,29.522997737163482,2004.0834160052873
64.47255863408952,35,Bachelor's,33,41.44521858399123,59.049134565480465,Single,Other,0,86.88090716314495,18,3,86.46566077360136,7,26.38648760399199,56.16729588389444,42.08985224757193,65.1665995687557,8,69.72331404402706,85.3423269509143,19.555701095578904,32.94328805654868,43.68155865706389,No Mortgage,36.53336135474853,38.10998495926295,1882.118975566575
65.34725229595611,41,Bachelor's,44,51.34087777756729,64.47752339478498,Single,Rented,6,35.91992956432081,91,42,65.37061048017107,3,41.40671665768363,81.725881101388,38.7576000400715,60.31611601368768,0,41.652564883955954,92.76377180531867,56.64517497010372,90.19314590929315,90.20192994895433,Fully Paid,89.53916600801053,0.3281129010300643,2261.1141994341087
93.40148915815969,13,PhD,5,34.891619517643356,62.08040852687936,Single,Other,7,44.21307422703801,27,21,25.593895767662623,6,59.91648733671665,47.152548545207985,33.68945651790579,37.43141582836784,7,97.24066947103174,23.299698805295254,81.80615602722587,70.8210837588187,0.5570005603550587,Defaulted,75.64393706335736,68.24495863507913,1585.952961671788
40.53247076766373,5,PhD,3,83.60216584459728,89.64844936811717,Single,Other,2,17.837500193609046,42,25,83.76609057760554,1,56.29692349042029,76.17484969288853,78.61905940651585,14.799352443040892,2,85.75587063627029,31.851857658528417,42.511689891179714,80.43585113363324,8.93195211837623,Fully Paid,31.115671673080904,0.14503165911271543,1858.40379266763
23.415914505635826,8,Bachelor's,24,21.39763356390648,93.47423629769824,Married,Rented,3,69.25876396716319,12,48,42.839534892565865,7,52.93659874977611,64.73468584557034,27.558246415775855,80.03404076738423,6,65.03411692644335,42.08249528677942,96.19153014112878,27.418916794924762,57.77055010154526,Defaulted,74.48047529715541,4.779148387012144,1743.9396159808264
4.589386787504923,31,Bachelor's,5,60.75268621753385,70.18993438689736,Single,Owned,7,58.966430638456934,80,2,24.166281037458138,4,,85.98958602598796,6.144791604425892,21.852600075476314,9,12.17345689692505,62.962571826416834,,60.586684751188834,38.31041668442321,Fully Paid,58.24750675541064,68.3042747084586,1592.1831329549923
68.02726189658028,13,Bachelor's,6,63.564010980795956,69.02593617466411,Single,Other,3,21.061653849286177,91,25,55.28668195368782,1,11.089152324417118,89.87592259799747,89.2666015822917,11.069559569569154,9,44.664506930991266,32.39669328305401,73.91045362087073,61.432954106073055,78.00301075933373,Defaulted,31.85870199574564,31.931685041673575,1984.4851094216674
32.97530922877655,0,Bachelor's,44,36.77775931154158,73.52960480205113,Single,Mortgaged,5,32.550216532688935,10,26,6.546372130202105,4,,10.081521406538851,82.12302126692651,11.881624726514717,6,64.31576030590172,90.27169348111993,,31.54444660818978,9.077976035468572,Paying Mortgage,91.15931735574449,78.15231510618561,1621.1760458456597
72.29001004453191,3,PhD,44,14.968566710063824,83.75852231207791,Married,Mortgaged,4,60.90589161941482,26,22,77.36401553995343,2,58.493749867823695,77.94233641475728,75.30996797716337,25.780904846719288,1,47.848239575287145,1.9038967529248496,29.739777315772354,47.388287334423794,10.806929528114374,Paying Mortgage,46.32367357373411,73.09650315859312,1759.421847700509
,4,Master's,38,19.29489924376062,14.65620028143647,Married,Other,7,70.40830359006297,51,44,42.38735060906967,6,98.20819010754379,81.29005976707452,,2.9639583176037543,4,8.47636602245635,26.323100506527663,44.189249196665045,64.20532476558895,50.0831266286602,Fully Paid,93.98559588938637,16.35209511974589,1895.215244513896
85.2912920264785,0,Bachelor's,33,9.314050904487658,88.24931274191465,Single,Owned,3,51.800445235725334,16,32,10.355294213470955,1,29.686785103276847,97.58861880198653,70.25914319318557,17.343037025555763,7,46.68842216333211,49.25116583336339,53.56911706429356,3.117308231773086,68.63011257436234,Paying Mortgage,79.0965398868699,81.53495732604306,2029.2705376657368
23.053512199171745,4,Bachelor's,7,44.665798658090104,25.961280959359577,Single,Mortgaged,3,42.38747434344645,27,5,37.327861157271954,5,49.83515108518838,96.47837577454098,50.36215310887317,27.589881692184782,9,69.45244967855764,53.638128577743636,60.39989289954415,75.51267893341311,72.59034642648929,No Mortgage,80.25719052950282,53.27033070517114,1743.1981710616
39.17085308147726,0,Master's,14,41.7415395326445,33.55862101881838,Single,Mortgaged,7,16.183206758622138,89,48,41.61925076748045,7,78.73833125513382,5.012643232081615,19.65433955358904,21.06415423547944,9,57.07750179663036,13.895826438351822,27.21991392765655,16.782209412292424,12.4604569619448,No Mortgage,49.57526286603549,63.121013684878136,1389.4658383212898
33.1251246991996,5,PhD,30,65.2237944366733,15.035012591923024,Married,Mortgaged,4,89.7461280569979,34,11,55.94147601185369,1,79.8913167785853,97.31532931452527,18.12282891837701,89.51309698154628,5,93.59337712453274,17.608595841676113,79.20213931794245,5.978157544533113,88.31964468027265,Defaulted,37.025478392243,19.046682349785016,1864.8779516247043
81.65330985672048,10,Bachelor's,44,82.65426560723765,33.89271933568677,Single,Owned,6,34.83875111152135,89,21,63.66728680013837,0,3.49136146032174,82.87917053001958,41.05994216897745,65.79745752652119,7,69.5516256347494,25.429491455769913,2.193054243539627,94.77875147879536,1.6367764040082777,Fully Paid,16.91375933224738,39.222022860202784,1929.5091345235835
82.24923765060558,20,Bachelor's,4,36.61534627172765,66.24377467363361,Married,Other,1,30.983222453910784,80,30,49.758570370686925,4,69.60766257676386,50.92742917624334,41.70399589692325,99.48941932967458,4,59.27279792398606,88.58630260756603,68.72150411811148,88.09232990882384,33.63347203546726,Defaulted,85.12723869021048,39.41145761854605,2157.0132194631765
70.96823230573112,14,Bachelor's,9,26.861163991046087,49.45039639589051,Single,Mortgaged,7,,75,30,27.686093154656476,7,67.61496784223647,92.88459758762544,14.135724313210396,39.646812075173365,6,75.85507474717424,44.77328896813607,70.69291351881851,32.219442397628725,84.43172414063234,Paying Mortgage,94.36078218236551,7.881463914403419,1814.8240251605625
51.427682454207435,26,Bachelor's,2,97.23386783438808,29.82636930758984,Married,Mortgaged,6,76.62881375898255,43,3,39.43870997416406,3,85.12519666342521,45.49736950778783,0.019486233731713654,90.09344955292806,2,24.451241519404622,15.23612843653982,17.981556998102377,80.28775378898348,57.95014416659242,No Mortgage,23.145351232371645,48.5634908131234,1861.6690350662057
97.742836908247,32,Bachelor's,5,76.94054009097161,34.75651225959177,Single,Mortgaged,4,72.65234719135164,6,48,66.40216067199792,5,31.30566872163897,12.456754775461555,41.861498597485536,98.68304343061747,8,53.143689268609805,74.32372527790844,1.3497270884270662,90.04395595982989,38.65501847249385,Defaulted,3.8947658899478044,14.566355186367586,1992.0812511477177
32.25294544775592,34,Bachelor's,1,64.11117764696796,13.131243617855027,Single,Rented,1,21.268722551237516,15,19,62.66899022253577,3,89.10608372525462,59.31073576836771,53.85367687674238,99.83848800081086,4,42.01165219594439,90.95555357753415,23.418429586928823,9.752599029680898,63.40900343618303,Fully Paid,37.314853695296016,42.35773855817205,1976.7554483115375
54.75380670492331,49,Bachelor's,37,13.224012441065803,60.76135260332347,Married,Owned,0,62.08882691817477,47,40,43.519709163519494,2,84.92858321555218,73.43707882735939,88.87770255029474,73.54844058287149,0,5.455311487950798,45.606620926691654,74.68983352418336,58.329579661001354,17.516616415078666,Fully Paid,31.777437502669127,26.1346913184336,1920.3143267786472
34.31355535139661,1,Bachelor's,29,83.52497040162336,88.36037445630863,Single,Other,5,93.04916218764343,74,48,94.87807744991864,1,81.66083513547164,28.26548321636766,29.908871724384667,59.55194098784342,9,51.757241797919626,93.63086363932905,78.62498282487277,79.58643141772349,43.59599891287641,Defaulted,19.19218080908154,96.39412669836535,2184.656418434973
95.939361244382,24,Bachelor's,24,98.86102423869629,6.65428151081775,Married,Owned,1,83.19776487488372,47,45,69.90659127712564,3,75.75053009554765,6.057008316394452,20.320759326043113,49.12632560812118,6,41.091229313285346,78.14473786256725,1.4679235067735275,66.04919263212388,0.011023180182245795,Fully Paid,40.8286119837624,84.09485198048215,1802.8160483151476
14.499576556446048,5,Bachelor's,22,51.2330255269583,91.14072831381922,Single,Owned,6,59.220018000851404,9,15,13.628907756186992,1,,37.17162978989844,89.06498914045969,61.210940940633705,7,52.703932491759886,,46.32874490664348,,19.410376716710807,Paying Mortgage,32.94347383382601,38.88978306401396,1457.923891976492
30.62576764059044,13,Bachelor's,23,38.59285162931639,63.25494446185558,Single,Other,0,52.15430327681816,47,7,18.19956213541093,1,,,34.78573211400901,97.89657664519395,5,46.05366218369756,65.30872509563753,64.8497751169107,94.98949800186242,85.75641403991253,Defaulted,95.16272257783106,23.07653854831716,1860.4011389421107
61.70541946217926,38,Bachelor's,7,10.0352713906379,43.93305027932003,Single,Rented,1,3.040290107864918,93,48,2.1299837926929466,2,89.2023305711089,72.25161070962618,10.668638422657983,5.459027705119657,0,80.9860632805359,12.0521839792049,30.152040388863675,78.00260645738895,52.54120709540063,No Mortgage,48.1062645346005,67.69579375655125,1900.9940712773985
50.97833657415842,44,Bachelor's,22,32.66338602809932,85.27752041652292,Single,Other,6,13.322970727684236,28,10,71.16807696613873,2,92.66635593944696,41.21123469647681,74.05167995574547,7.467293019806254,5,12.479799198615659,44.85690978307624,21.12814384987499,28.69249419378158,64.78801735123027,No Mortgage,55.737155771802215,41.24037567365922,1700.3223575320776
16.896925551981955,7,Bachelor's,5,61.86119598898069,79.57176014661003,Married,Other,1,22.26129123735603,50,48,59.965442504647925,2,5.675118217302389,42.820161275837286,23.857052394569312,75.91212595460242,7,28.133574080641488,9.521807906940827,25.342796199139684,10.40084890589197,32.24221661134538,Fully Paid,97.36809543982065,39.93702543513585,1545.3250262436252
22.003992385462112,0,Master's,19,76.2267022537447,6.102771143241991,Single,Owned,6,35.756387869960484,47,32,26.51384037080429,4,29.09895150524202,,35.03414021164682,8.617882742803594,8,18.950197532638203,69.36495143896548,40.65854099658092,78.19675630706587,70.8950924334157,Defaulted,56.29169201201007,74.29088460488028,1654.1251939298734
63.3042923475723,10,Bachelor's,5,73.14219473614328,27.265526315342836,Single,Owned,3,48.0559354300756,79,39,73.2062097069341,6,85.45323695857864,61.85779158655061,60.94497583802736,92.13405598049216,4,23.95876184940333,51.31935546949619,75.08630665348652,44.72407082285091,,Paying Mortgage,61.03871804869687,82.22623026137111,1882.118975566575
18.04766960909233,19,Bachelor's,44,32.32335770678543,1.354432392440208,Single,Mortgaged,3,33.600616309881225,70,27,39.25707204031583,2,72.06842502713152,29.691733167738153,9.662146953709328,89.46657206444625,7,64.81104088762915,5.890251521197798,81.78730575039265,56.60541560860531,84.78844173175662,Paying Mortgage,95.7100320880242,85.60893463902075,2076.5323005400414
1.09473738313689,38,PhD,40,28.017406861162364,61.00683385333676,Married,Mortgaged,3,41.06881716757719,69,0,40.30323345425488,4,67.34998608184691,96.89484917533214,65.52612623007592,,5,97.66505556584677,22.405241203235004,56.152907305444266,40.045380868174476,76.83152979282217,Defaulted,34.08372743502967,66.03963636993826,1792.1289506318965
54.90476975177273,27,Bachelor's,8,15.40028735322998,81.08098964824715,Single,Mortgaged,2,11.809175819713335,39,22,95.30041552097204,3,17.944866288060435,93.5521285464403,39.21334325530672,47.41893609269129,2,28.054702328771896,89.5044287797484,33.22388658966161,57.85964696795464,24.003358437433022,No Mortgage,77.41986595291866,29.631213844704398,1848.505540646956
68.15540731434537,20,Bachelor's,15,57.44546382907958,8.186440399484562,Single,Other,3,85.99992187818007,25,12,3.534104460972576,3,98.84762727946776,27.02291732075738,66.37058197957714,11.829889004072147,0,98.44814831383133,29.183752346046532,84.80756163755828,99.75713803665354,58.8554088720744,Defaulted,67.35312598991563,84.48482062686188,1808.6419720538256
17.13502429619783,45,Bachelor's,28,86.08212607401727,42.16540068218385,Single,Owned,5,22.989349056807896,40,29,5.39511322741022,4,81.66092056010751,85.13772052860578,23.54399797260802,59.96412039474883,5,40.87259282762648,93.21368173075285,90.29785291295529,20.81338974188094,25.896483290020377,Fully Paid,19.605435145470228,90.78620871734981,1684.6027641875467
93.1137909192623,5,PhD,11,39.054764672445984,63.1697592823107,Single,Mortgaged,4,3.3390570828975674,33,43,50.331003088094896,3,39.211339045751835,33.061310936123355,82.6878820259627,84.97966706536563,3,31.467182271130834,82.51163709100882,7.940824429776483,32.584678039073786,44.83501070408612,Defaulted,17.99141966106982,42.486205801352874,1790.8433976272615
,34,Bachelor's,7,21.66822011459927,75.66298423841977,Single,Mortgaged,4,28.047755164244805,17,46,10.758844459987438,2,84.18932860006726,42.31516175137391,73.98163343882102,67.15152436963861,9,33.90700861189464,51.31225628054579,63.78441798877269,54.28949813566215,47.298746100647385,No Mortgage,49.82644992950179,43.435151984597034,1985.1816414838822
54.133007754571594,38,Bachelor's,27,59.74831337307766,64.30176824140023,Married,Other,3,,10,9,,2,80.11387082987649,27.27864706808315,25.646279180623477,25.123138181446215,1,81.49993898456,45.22610100752406,37.924889064108235,97.35795542016493,11.67540360116388,Paying Mortgage,40.84877531814344,9.812659658689038,1882.118975566575
26.820036208821918,2,Bachelor's,15,81.50184978702507,52.15544524029898,Single,Rented,2,,70,45,98.08074284900054,2,19.359847775486728,,94.60436442804254,43.39276894625075,9,93.3892515777601,10.452427156431188,72.95710968570751,62.526302754333415,,Fully Paid,14.993068954001066,60.44985925331613,2007.779889617607
47.711303167742884,0,PhD,34,25.820439283705,22.244295579410267,Single,Owned,5,40.551349722428164,64,36,89.8328435923853,2,22.790050754169965,64.37389945999205,92.23984982924016,49.64608784504125,3,97.11037439891592,69.0414140895213,,24.455955093128935,59.50964373426489,No Mortgage,95.75417053891398,40.53520340221738,2129.686205153067
45.7230405732365,20,Bachelor's,38,7.6637875154578765,59.64455895078638,Single,Mortgaged,3,12.772606462312941,94,38,72.86421891840615,1,50.226693885219944,83.64763806164098,8.342434221115358,53.03353487867051,1,33.98059454957624,64.44288246422742,2.722841233684836,59.38250989731627,28.34422394537497,Defaulted,14.158135191305421,73.58116038161786,1881.8747347573167
64.56397197629782,47,Bachelor's,5,2.731657272543697,65.53685611117578,Single,Other,4,58.470170453598556,90,15,38.45739464052495,4,46.92718463629291,75.30834596732056,78.99727113656114,49.8989466596573,9,38.13639751815664,93.21019599743644,22.96125565197147,,74.68271754630709,Paying Mortgage,91.22022880249324,38.81186907203754,1959.241214505402
51.459872387429115,46,Bachelor's,31,83.14417798338482,13.309826882941088,Married,Other,2,6.008835274328462,37,36,73.42731338758665,2,68.6888311836002,19.235247273235622,42.25825687039121,62.47352021229627,7,45.60978883919392,80.84904541911344,78.29656628006329,41.45385128512583,50.09801634329028,Fully Paid,3.1148434646939727,89.0811413799246,2075.511686527111
76.98161594376934,24,Bachelor's,17,91.40866737044018,32.447345832311115,Single,Rented,1,15.578304793936626,9,36,29.62929877694993,2,82.02211977415281,90.14182363793459,10.629711531171782,89.30149335126126,9,73.69020115909616,72.88490193646112,0.8503141740954234,22.062390831025425,49.19085146648673,Fully Paid,91.85734798846096,35.974086950252314,1980.5390949026523
93.69837148359623,45,Bachelor's,28,,10.4876888349001,Single,Rented,5,,3,3,56.53139862898864,7,50.06880342007636,71.38422800498265,5.322728487553096,76.0267776323962,7,,21.806257285406993,83.32736842131185,9.456097526746799,40.38296964446714,No Mortgage,87.60208322908741,70.49198163017738,1822.8568569825452
2.5361777160728183,0,Bachelor's,14,63.03044775601958,66.37969338825597,Single,Owned,1,0.5675112852708719,51,49,60.334062950222666,0,88.51926919551538,10.890803345048827,26.598039139339324,83.31094174196363,2,27.537072412167095,73.05880306861195,67.20373787178573,47.35239649699615,20.145495267902934,Paying Mortgage,67.78511843068348,16.89929248783747,1980.0730857699807
70.48023448408608,24,Bachelor's,22,98.87541054134066,15.339342252692123,Single,Rented,1,47.503770877038654,64,49,12.834956243352469,0,12.496861815183347,95.61845674765054,76.40867829913307,96.71163275102478,3,68.02204038586393,4.429352640341799,78.20564688688232,38.095017273519424,9.576536010649484,Paying Mortgage,28.012019660138808,65.95739418718185,1878.4396682457932
65.81747595137904,20,Bachelor's,38,46.53154744851009,80.46117010253408,Married,Owned,4,5.149868193804097,47,7,2.5684875304710197,5,44.243918917881,25.28522699826139,12.653688341881875,65.8705542726526,9,1.8949155344809454,,31.04329919783051,31.860443134649273,44.52700281815615,Defaulted,61.6479120037994,93.72616097888755,1474.124348178273
51.77166663025214,47,Bachelor's,30,14.077577621428471,,Married,Rented,3,94.65955914982224,26,31,51.827976244919284,5,71.06254523807058,60.19249526069718,97.07140544213347,58.3974652288267,6,54.281736207817566,80.85398166969733,61.267505678522085,,97.1438880036592,Fully Paid,38.02852483345398,69.13260270127965,2251.41048620116
65.94593969773113,1,Bachelor's,29,49.9041457721129,77.96211359353894,Married,Rented,5,9.212260814607355,54,34,24.228116011795898,3,37.71250998562521,63.13685291006369,,76.10026277600237,9,56.78982289501747,44.96582244427424,87.08052527096602,87.87584797999992,34.37415828880368,Paying Mortgage,16.758248332401948,36.700174213088374,1944.3024765191685
56.42499547629907,15,Bachelor's,21,93.7739983673756,65.20141271689505,Single,Rented,6,87.07001108984207,42,9,52.44253117420254,7,4.038899091249581,56.351601920695984,12.167189300387527,31.520899251972136,9,15.74142005921777,30.884183550462886,70.3006482835312,65.08052425268339,9.103966920973805,Fully Paid,14.725446191863945,25.22713787144927,1755.917883703132
45.92112786357787,10,Master's,16,,82.9838845023225,Single,Owned,7,95.7539439016851,47,6,62.07240120242016,2,20.412628466319717,79.79027588941261,3.7268722763539874,80.62273241275571,2,,,25.122551931232294,,28.04047996253868,Defaulted,91.52482695201144,4.963435403657835,1819.8139873495331
81.10797937356735,6,Bachelor's,11,99.41022832107261,18.01863193315334,Single,Other,6,63.10485435286854,39,48,43.37627437925612,5,78.07627627484031,23.053879217091332,17.496563989074655,92.05607021003497,9,73.47384757650869,,83.79000508609879,90.5414813336102,29.7419124229099,Defaulted,48.06845363474286,29.84630367454768,1792.70472745866
41.713614281037906,16,Bachelor's,35,,64.37619499528216,Single,Rented,4,59.248558095278746,0,30,82.26335553161644,5,7.658093136761379,58.522228750804615,82.10206712716072,38.96683201081657,9,58.762729724147064,82.63066273008779,4.886995870706556,59.69512171607357,64.3173795339342,No Mortgage,65.00336842370486,,2018.5785878260735
13.040388498034904,23,Bachelor's,1,63.474451872324444,66.5386623785032,Married,Owned,5,26.06915481531138,90,42,62.98441768795017,3,7.780011332209879,8.130807330331846,77.82407636264455,35.02568948034527,2,74.73245684517227,16.996006255617445,24.649252507028063,43.093144327002086,33.143806901461325,Defaulted,33.78406190748476,39.29516358588919,1531.0486405776473
86.2886608249486,38,Bachelor's,41,56.9728669339117,64.6233214751384,Married,Other,7,11.107696455078052,76,32,,3,29.575169726353,50.808053618567364,13.387708416345978,38.538175327486734,8,26.476271303273645,70.63876345584274,85.48111563172812,2.2905866597183855,56.58969633550004,No Mortgage,8.524924501155029,70.50840346141091,1928.7723136585348
73.56081065021166,31,Bachelor's,40,16.683829164162432,24.971641363500265,Single,Owned,6,15.551124275829565,7,4,10.671764855245891,0,69.69901542217924,56.223532171447864,20.98751090377239,23.300494797759587,1,50.18201158603004,69.85283570817397,45.275545127491554,23.771802602079227,97.04028006829068,Paying Mortgage,13.09819037679124,,1641.6872052064655
32.93374119469007,21,Bachelor's,43,19.91471165201164,35.21478890555167,Single,Mortgaged,3,69.97939421248167,70,20,96.48059198489284,2,87.85904243758395,2.180706251510678,28.820296332328322,4.865578199913156,5,10.079037073161956,84.57068636520462,64.65916837902597,2.8815401053605694,71.4777365434623,Fully Paid,66.11210076621494,3.0524215935032184,1948.9704505255154
85.79195484604065,23,Bachelor's,5,47.98201814074401,86.71017509378709,Married,Rented,6,2.6289848880722944,30,0,13.229552475222805,2,74.98362233844047,92.41555866080343,68.32290511181624,18.46937767423261,0,48.684857510347335,,92.64594373362736,38.395146578913895,70.30720219071459,No Mortgage,15.2374063415453,86.27095887795481,2074.4833258197814
42.07060703931986,23,Bachelor's,33,2.713322486806613,97.14041531669596,Single,Owned,3,60.50245972029414,6,38,66.96511223036099,2,48.890283865400065,44.267787454414155,21.604022447357973,30.026983585180222,6,28.864848600993597,21.342613396841102,53.620917106833346,67.09580340702979,72.50931110695649,Defaulted,,39.37604003795633,1709.0964613278963
77.39580797830902,40,Bachelor's,5,39.66458058551312,7.422711586845465,Married,Rented,2,41.695842396477424,40,46,71.32391520201999,4,54.775045915061916,30.336925752873224,35.362749509048264,61.379895904208084,9,72.30362948592811,56.05385880517497,80.35740853838729,44.340821299471656,49.10336198668015,Defaulted,22.124394441204885,38.592953693126084,1772.5025383179304
62.48412440117078,2,Bachelor's,14,96.73755319781978,87.70165616176712,Married,Other,5,24.075441481780715,47,25,,2,78.1827712648912,86.45574903021569,74.96056865823539,12.058621611823494,1,44.4243920802322,31.115157827038008,83.40404097196054,46.41392023742337,6.0297601357549695,Defaulted,22.86210580294451,,1882.118975566575
64.74381006389999,6,Bachelor's,20,75.48755467771248,55.43847058315099,Single,Rented,3,66.93911100886447,40,35,90.91742987396809,2,83.08462829083815,40.65991616412504,15.890748198073435,33.39563563444459,6,23.288551132997526,47.82720648259724,56.5399517984672,60.38585624378753,,Fully Paid,78.62988160773023,58.18783478916334,2505.0104891462024
83.35803188619633,26,Bachelor's,2,69.34808763573784,67.15255770582212,Single,Rented,3,12.05663494216671,45,3,63.46856143672023,7,65.21691270917569,,55.63038614691638,62.69278826274898,6,13.326372288441558,57.96704351975396,39.57128699580292,79.88105198655018,54.317787487417604,No Mortgage,97.23316784622912,14.763518512148499,2145.756706662362
39.48277516556266,16,Bachelor's,26,81.37385606288366,98.03784690587429,Single,Owned,4,53.96477205303649,47,20,90.37419493093276,3,68.097742269322,94.99249709744731,28.439433191283804,8.115941089361423,2,99.8416963649255,57.84324380201994,5.8809387912681865,78.04680401549412,7.374904884584154,Fully Paid,27.753247421052706,91.50267805923954,2007.5051230641686
45.1331213259485,39,Master's,38,94.71191882470805,20.131445093163535,Single,Other,5,12.929637117135739,69,40,5.85317392753767,6,50.31983276849831,1.1308686680100544,61.2655895228373,91.98810225287865,1,59.06712350091689,72.86688817626303,7.0773670140305445,2.261545816418631,46.41958666449473,Defaulted,16.071941009932832,83.6637272214923,1811.221328645557
65.65772554235961,33,Bachelor's,6,21.64369706323388,49.95353977440402,Single,Rented,4,1.3459952931471286,7,48,99.7319527161746,6,43.27262759334396,2.5732122982574768,13.399089075726323,32.29225609106741,9,93.97829464286401,39.58368087568959,49.62776590574022,24.55833682738664,0.012513875657549356,No Mortgage,8.171475703630481,96.42488410362292,1598.7275457649348
13.084410410026026,10,Master's,13,42.39430849398242,78.04236689714766,Married,Mortgaged,0,23.65201422732264,90,18,4.04340955151572,2,34.6180925409702,40.57062206413664,11.906274486254699,74.82344914331945,0,36.421704474828,17.157494376313597,59.34517391705604,77.85972795073774,31.23972838671949,No Mortgage,21.4343984752984,68.23978188928292,1513.2862557200058
98.90963774569227,1,Bachelor's,6,31.634928776303216,40.59143431274212,Single,Owned,5,39.55343960629634,51,3,94.62058847148388,2,,87.76677629335158,7.976979775019388,55.38933884160129,2,98.63247086457957,72.43274008140213,27.833437546329364,69.95703298454094,70.57667693076394,Fully Paid,85.42604370931058,8.738006251949093,1921.305731903417
10.841984541543336,14,Bachelor's,1,96.05627016256751,93.8085259516154,Single,Other,1,81.98893835391821,2,48,13.423205453146714,2,11.670176842363666,91.97464335671063,66.38042869107859,31.207301829542246,9,48.83694869548509,14.212703691587658,88.45020812264927,33.86619462364725,69.88592305298941,Paying Mortgage,50.007125067379995,81.62527115304155,1926.9621714844036
15.67773464243677,47,Bachelor's,8,91.6025519351948,94.56938848825254,Single,Rented,0,4.197356827623711,79,6,18.801326577400502,0,92.1274716448893,61.72129780442768,72.14906275690198,33.62638796625149,8,,53.31775937602949,28.022015361070373,54.19647874261011,70.77919273761769,Paying Mortgage,16.468493966109342,75.04308488338631,1865.4550147854613
67.26881395923591,1,Bachelor's,19,38.370389956370964,14.610399957566589,Married,Owned,7,72.75656415709697,94,11,72.56451882806672,4,58.89818435891958,14.347724429784027,40.44831451977754,,1,7.48686294226747,38.777881950723135,84.30351646384902,37.79341063450531,83.16396259946434,Fully Paid,50.952944663082775,23.689169326133054,1658.053083365471
92.21560928441524,5,Bachelor's,17,44.10415222565268,,Single,Other,3,94.13812499770292,38,1,94.29499947200082,0,40.416382153299324,90.78046114473946,52.65984301668132,56.6174541755478,7,49.866002081865446,91.82086009087742,55.8718088107926,25.511636463975805,3.1180864134762842,Fully Paid,57.2590914064458,4.261328837083012,1918.2387307131235
60.97925772911562,2,Bachelor's,2,78.08473448187374,52.08770457581069,Single,Mortgaged,0,54.13251190911065,52,5,8.944824842484579,2,63.448149591901185,76.9467274634464,9.0658493659171,29.72585469036878,5,13.673082591560847,67.75982107884423,5.902671082042299,33.49315529596277,84.6711122332519,Paying Mortgage,64.47607152270879,87.04584166251011,1930.650956459432
70.92695441722005,1,Bachelor's,24,60.13671768130031,40.88705609535646,Single,Rented,0,19.674052243235995,31,32,65.15296853650074,0,78.88217210923385,50.42198660994027,51.271462411829695,36.21121809808733,6,31.832730385579268,9.413976066968866,30.272899397194507,71.53535462678857,65.75818868033288,Defaulted,11.178429910494202,66.08657584017463,1811.231446697488
67.63768356549123,36,Bachelor's,7,20.56452234493954,57.706871570602836,Married,Other,1,19.326922690316483,81,11,4.0995761838034,2,62.599046576103554,79.34195271886331,54.60624966304577,58.07487763069806,9,52.88433742187594,61.11544902263005,51.62173399765593,88.0458233367704,,Fully Paid,12.796146160182575,81.94667514944217,1931.3701698778548
41.177729056235734,34,Bachelor's,2,97.19876821247614,14.229899675869284,Married,Mortgaged,1,39.129833598306874,10,3,81.94635841767315,5,35.26448065343022,33.88104202306774,92.30944458836919,4.87580987901991,4,26.459945414971685,89.38070253874942,9.605226358380392,41.14427666804108,40.68161520310857,Paying Mortgage,21.549344504096947,64.4895410301611,1919.5066425958412
13.440612688778907,45,Bachelor's,17,43.37734016604722,34.22827126663223,Single,Owned,7,35.9790954092403,14,43,35.048628389807654,5,46.284225703432824,71.82442699476502,71.96534336890352,47.95885847196652,2,3.001048777414117,30.429670155832568,34.601707423060944,55.87272687257594,55.82997673713045,Defaulted,71.70272962180809,23.5210724212083,1895.431747983957
77.01871511048247,1,Bachelor's,10,72.9648208421219,52.71180905684043,Single,Mortgaged,3,22.347032567557832,84,38,25.87614726335571,3,62.231525238684135,42.01030314057464,,52.34387088600134,3,22.30539547061904,45.06470309178145,69.77255190169333,21.975224379258883,97.62574397174211,No Mortgage,53.24802068605884,1.8966384731041175,1814.6338374538714
88.48907214308043,28,Bachelor's,3,31.583976379740463,69.21862883801171,Single,Rented,3,86.42747603407085,18,30,63.622586743163,1,53.46050545557092,7.392836488661492,84.15952268003821,96.0874356021272,0,22.481248169884605,1.9313754962087537,23.729903609358526,69.99187748384223,,Paying Mortgage,55.32591871619299,69.55312485118324,2185.55692071348
27.63808211062686,6,Bachelor's,38,45.24998508199809,74.78572189189606,Single,Mortgaged,2,35.88727318257262,47,15,,2,28.741561708062015,56.95576646779217,31.855213750310284,41.79880241888735,1,0.9266829456630044,27.639354408843055,14.237224378501667,12.760918276449173,95.90402164472471,Fully Paid,52.70885849096398,73.38218870696326,1882.118975566575
4.744747486005019,24,Bachelor's,41,37.2950920640802,37.486159965176824,Single,Rented,3,25.753545024058344,5,47,74.00075127727784,3,7.189534051450696,44.01496313459585,70.89046080428328,5.809665399018993,5,37.06014031809827,19.49639641237091,93.47807913084203,58.13436037397432,28.732539940589618,Fully Paid,37.49290513593289,13.211564437901002,1557.711850222414
23.72322298435804,14,Bachelor's,27,20.831147764217462,20.1135110676532,Married,Other,7,64.57278158005121,5,16,41.440685567053215,5,41.80516029630225,20.645490504270605,14.950331558022834,50.91932474579281,2,39.1969462349917,4.335321411952808,70.61673428895246,29.110490552717494,24.509500730489208,No Mortgage,72.38155239078763,81.88193868703041,1491.538340720775
58.80560673389637,32,Bachelor's,12,93.33010482351945,63.813939896881955,Widowed,Rented,4,97.25579630469194,17,22,48.55660038352634,2,69.87399073299491,54.73875786942454,3.0373878771570495,64.6587950528826,3,14.408516105146262,34.89877269966929,58.58989707510399,13.87830141067299,85.27233778347565,Defaulted,10.283741496935495,11.610691985488408,1621.0509302261094
52.810712597505514,12,Master's,28,80.93173756255574,6.8285983726420145,Single,Owned,1,35.337988693220126,26,32,16.298009624922138,6,67.50506231463635,,54.655614517628784,44.44356097745388,2,90.71853217341757,56.961796758576014,88.02400457954549,82.38265118132902,7.9775925309423235,Paying Mortgage,14.526111437483081,83.07795327869188,1586.1686404736831
86.24466264552024,2,Master's,13,81.35488124382674,92.91901365293302,Married,Mortgaged,1,3.0499389647881348,47,14,41.14848761365422,2,22.220041307608483,77.05325470381456,69.55475844155293,36.072898449608616,2,0.12428786486790022,6.355213004547244,62.32555248926348,51.46073102354617,43.480320448502255,Defaulted,50.38982044028466,38.449358140731995,1645.3798760694024
,0,Bachelor's,9,64.88983979970759,42.507074548841,Single,Owned,4,73.16128193133665,56,25,49.67621494781037,3,89.89481855810443,,9.82465075519119,,2,85.04901885825635,64.16444970912202,83.32134181708034,70.06642057232902,8.737691590679075,No Mortgage,17.935968955032966,23.660934259097278,2023.2722865768883
39.46506269986648,31,Bachelor's,16,29.387104710954436,1.9662589975881772,Single,Mortgaged,6,82.04285589594384,73,28,,3,64.8796164736406,80.16293954628756,61.610620670287986,15.68916249739164,5,62.725278801870076,80.7609699035004,77.41071203760409,29.78644872250884,7.455297485205237,Fully Paid,9.286233431325075,24.34124320801364,1678.4853808840303
,40,Bachelor's,26,2.411235954782598,34.13892013205535,Single,Mortgaged,0,91.45736799875937,70,14,69.0816449113027,2,15.077150681110096,70.98814466086701,71.18502228763062,64.11627058451771,7,67.4908091171945,77.38007982887882,96.64816590367438,88.8641031548605,79.45342025661246,Paying Mortgage,57.41555454323672,12.060882335191625,2113.973991262233
16.555684209839296,32,Bachelor's,16,43.88401327161534,2.6032649823605647,Single,Rented,0,92.93245985612091,51,36,99.00981192160516,6,43.87858542389209,99.96956093547604,,16.71177965914007,5,22.62057658036466,63.6312840076252,93.74401748839256,78.61985768350283,27.31636904190552,Fully Paid,6.928820309031202,28.586783564627737,1901.086608690284
9.262479967781722,49,Bachelor's,5,5.952923224817908,33.995589823820204,Single,Owned,4,29.932010913923612,88,45,74.66651727668186,6,89.49663786438646,15.259473821509228,19.210118059938928,,0,55.24104467155261,98.79941114063267,,38.0435802891982,57.584605790357045,Fully Paid,82.27272212473471,73.64517854198004,1793.8574535670755
56.929112697114036,16,Bachelor's,13,20.045546130537993,68.85842889075168,Single,Mortgaged,1,21.607173267337288,37,43,28.53785175725395,7,18.723383961532946,52.12662385624438,85.7404169463591,30.40394618905642,1,91.1311582175626,7.295788971456362,75.6424536319251,25.53434361504908,17.532766253662913,No Mortgage,70.56026162286997,39.47609857352138,1872.9848458251163
3.917370708219059,40,Bachelor's,27,49.68638557447399,2.7792789967078013,Single,Owned,3,20.818487800854115,29,8,27.15222255379748,2,20.751462525023022,63.30077925320383,42.55843601413507,1.6117304487764272,2,47.113431847142216,18.322586690535438,58.504204814474235,40.81917817720213,65.44198355397228,Defaulted,52.87361347952536,78.73786035900996,1624.5426923078141
75.30409963159372,42,PhD,37,90.55203785046868,39.27629809475776,Married,Other,6,38.06764852414683,30,17,54.39696357977055,0,82.5746482267338,,81.45865395053416,31.132267934833845,7,20.84727789007158,38.54459509165964,85.75396978328511,21.598819343575503,81.02394628992677,No Mortgage,3.448971967945369,10.993457005684625,1974.6961446342013
